player,cluster,total_runs,strike_rate,total_fours,total_sixes,total_wickets,economy_rate,total_runs_conceded,mu_batting_glicko,phi_batting_glicko,mu_bowling_glicko,phi_bowling_glicko,avg_impact_residual_batter,avg_impact_residual_bowler
A Ashish Reddy,1,280.0,142.85714285714286,16.0,15.0,19.0,8.88888888888889,400.0,1500.0,350.0,1977.1798519994768,106.06531326798266,0.2865162963819272,0.341481588965288
A Badoni,1,634.0,125.54455445544555,46.0,24.0,2.0,8.879999999999999,37.0,1500.0,350.0,2272.560125105413,211.90958080772336,0.2250158175089106,-0.2780563302629663
A Chandila,0,4.0,57.14285714285714,0.0,0.0,11.0,6.282051282051283,245.0,1500.0,350.0,2069.546679319681,116.41230524687936,-0.1943859857804097,0.2489965111423425
A Chopra,2,53.0,70.66666666666667,7.0,0.0,0.0,0.0,0.0,1500.0,350.0,1500.0,350.0,0.1295163137872907,0.0
A Choudhary,1,25.0,125.0,1.0,1.0,5.0,8.0,144.0,1500.0,350.0,2540.58105662418,163.16609125789662,-0.1105971972445413,0.277089543231799
A Flintoff,1,62.0,108.77192982456141,5.0,2.0,2.0,9.636363636363637,106.0,1500.0,350.0,1182.6620165802397,191.87930060618712,0.2517789371346611,0.5458129195269956
A Kamboj,0,2.0,100.0,0.0,0.0,2.0,10.147058823529411,115.0,1500.0,350.0,1928.1824967800603,221.6143379968148,-0.0152034607871576,0.5111322733774175
A Kumble,1,35.0,71.42857142857143,3.0,0.0,49.0,6.646998982706002,1089.0,1500.0,350.0,2121.7516334569937,85.8077262749188,0.2174172020532527,0.187916760028388
A Manohar,2,231.0,127.62430939226519,21.0,10.0,0.0,0.0,0.0,1500.0,350.0,1500.0,350.0,0.3090904156577068,0.0
A Mishra,3,381.0,86.5909090909091,31.0,5.0,183.0,7.304878048780488,4193.0,1500.0,350.0,2223.897758259984,90.00113339455004,0.0867804150461353,0.2367235659206298
A Mithun,1,34.0,130.76923076923077,4.0,1.0,8.0,9.173076923076923,477.0,1500.0,350.0,1545.0941072639205,110.80881143201692,0.1168598915770871,0.3769162373918151
A Nehra,3,41.0,65.07936507936508,3.0,1.0,121.0,7.711246200607903,2537.0,1500.0,350.0,1713.1387215460877,83.07552622866044,0.054312943416252,0.302214849880182
A Nortje,1,49.0,96.07843137254902,6.0,0.0,62.0,8.827711941659071,1614.0,1500.0,350.0,1638.704324848897,87.10747460698448,0.2498107432897379,0.2518755642462568
A Raghuvanshi,2,163.0,149.54128440366972,16.0,8.0,0.0,0.0,0.0,1500.0,350.0,1500.0,350.0,0.2917583136608587,0.0
A Singh,0,2.0,20.0,0.0,0.0,31.0,7.888888888888889,639.0,1500.0,350.0,1326.9370284284744,92.57066706133628,0.0160103360278059,0.2610887634190344
A Symonds,1,974.0,124.71190781049937,74.0,41.0,23.0,7.711111111111111,694.0,1500.0,350.0,1702.52749361033,96.0775817097883,0.3078234716979279,0.1881865633937213
A Uniyal,0,4.0,57.14285714285714,0.0,0.0,3.0,10.578947368421051,67.0,1500.0,350.0,1361.1208379535717,188.1457162723039,-0.1293887236777657,0.1071138695121869
A Zampa,0,15.0,60.0,1.0,0.0,30.0,7.934117647058823,562.0,1500.0,350.0,2206.7930016899727,96.47572213499748,-0.0153096521205965,0.2073335024705196
AA Bilakhia,2,69.0,78.4090909090909,5.0,0.0,0.0,0.0,0.0,1500.0,350.0,1500.0,350.0,-0.1364714208116105,0.0
AA Chavan,0,12.0,109.09090909090908,2.0,0.0,8.0,7.976470588235294,339.0,1500.0,350.0,1665.3642295825207,119.05286451931696,-0.0457176327552387,0.3701791648223108
AA Jhunjhunwala,1,217.0,99.54128440366972,19.0,5.0,1.0,8.863636363636363,130.0,1500.0,350.0,1836.6826179938216,158.48107509356893,0.2260494029975118,0.3314107008535158
AB Agarkar,1,179.0,111.87499999999999,13.0,5.0,33.0,8.590243902439024,1174.0,1500.0,350.0,1683.4418247981882,92.09238898366355,0.1156101236038998,0.3083010879060541
AB Barath,2,42.0,97.67441860465115,5.0,1.0,0.0,0.0,0.0,1500.0,350.0,1500.0,350.0,0.2444755246641362,0.0
AB Dinda,3,26.0,52.0,2.0,0.0,82.0,7.940843297671492,2103.0,1500.0,350.0,1903.204114127355,87.90571550902942,0.0153164074660275,0.3171685197510908
AB McDonald,1,123.0,119.41747572815532,9.0,4.0,14.0,8.393617021276597,263.0,1500.0,350.0,1690.6278813351382,122.8572480934152,0.3337715848626015,0.2842542828422417
AB de Villiers,4,5181.0,148.58044164037855,414.0,253.0,0.0,0.0,0.0,1500.0,350.0,1500.0,350.0,0.3935606165878362,0.0
AC Blizzard,2,120.0,131.86813186813185,21.0,2.0,0.0,0.0,0.0,1500.0,350.0,1500.0,350.0,0.2332722092845149,0.0
AC Gilchrist,4,2069.0,133.05466237942122,239.0,92.0,1.0,0.0,0.0,1500.0,350.0,1612.7291272922616,330.20797545666414,0.2712080904030189,0.1223950182449698
AC Thomas,0,20.0,105.26315789473684,1.0,1.0,16.0,7.63302752293578,416.0,1500.0,350.0,1875.0592480126536,99.45944923794362,-0.1087825217754947,0.326458514201746
AC Voges,1,181.0,126.57342657342659,15.0,3.0,1.0,8.142857142857142,76.0,1500.0,350.0,1848.6252360459844,177.8477593908143,0.1501200623899906,0.168386674610569
AD Hales,2,148.0,124.36974789915966,13.0,6.0,0.0,0.0,0.0,1500.0,350.0,1500.0,350.0,0.2421652112157779,0.0
AD Mascarenhas,1,79.0,100.0,5.0,1.0,19.0,7.064516129032258,365.0,1500.0,350.0,1869.7496763666104,99.76967569784507,0.1884577785920425,0.1815062056668272
AD Mathews,1,724.0,120.86811352253757,44.0,29.0,28.0,8.141263940520446,1095.0,1500.0,350.0,1921.358124561192,91.39721318579264,0.2791163097046997,0.2876871304926439
AD Nath,2,90.0,90.9090909090909,7.0,2.0,0.0,0.0,0.0,1500.0,350.0,1500.0,350.0,0.132175860353555,0.0
AD Russell,3,2488.0,164.22442244224422,171.0,209.0,125.0,9.116883116883116,2691.0,1500.0,350.0,2110.354656331328,89.85148638638073,0.4476042125278028,0.287698821672474
AF Milne,0,23.0,74.19354838709677,0.0,1.0,9.0,9.373271889400922,339.0,1500.0,350.0,2119.7825331710837,124.64754159482042,-0.0343282003614517,0.411710704920693
AG Murtaza,0,10.0,71.42857142857143,1.0,0.0,12.0,7.182156133828997,322.0,1500.0,350.0,2270.299596388675,118.138578556956,0.045528046823903,0.1627573198817913
AG Paunikar,2,49.0,80.32786885245902,9.0,0.0,0.0,0.0,0.0,1500.0,350.0,1500.0,350.0,0.0046895348534199,0.0
AJ Finch,1,2092.0,123.34905660377358,214.0,78.0,1.0,9.136363636363637,67.0,1500.0,350.0,1866.2855407694544,188.98068531152492,0.3020530584302242,0.1620548739555436
AJ Turner,2,24.0,77.41935483870968,0.0,2.0,0.0,0.0,0.0,1500.0,350.0,1500.0,350.0,0.117199567458379,0.0
AJ Tye,1,91.0,115.18987341772151,6.0,5.0,48.0,8.445378151260504,1005.0,1500.0,350.0,1640.3459433845007,86.45319584478239,0.1942098609263655,0.240306252673646
AK Markram,1,995.0,126.4294790343075,73.0,35.0,2.0,8.439024390243903,173.0,1500.0,350.0,2349.039954940609,141.2403918663397,0.3000820450249956,0.3964699693149024
AL Menaria,1,401.0,109.26430517711172,24.0,18.0,3.0,7.646017699115044,144.0,1500.0,350.0,1941.4348875494056,148.70705825086966,0.2193067041345286,0.2692204870595168
AM Nayar,1,672.0,114.28571428571428,55.0,20.0,9.0,8.108786610878662,323.0,1500.0,350.0,1883.9479936698144,119.10043782834994,0.2529459705834171,0.1663685017026318
AM Rahane,4,4642.0,120.32141005702437,479.0,103.0,1.0,5.0,5.0,1500.0,350.0,1587.5001997115091,283.9878718717643,0.2579642425399712,-0.1527922327178217
AM Salvi,0,0.0,0.0,0.0,0.0,7.0,7.884615384615385,205.0,1500.0,350.0,1737.3527321526983,127.7649282441656,0.0,0.3790341764897964
AN Ahmed,1,36.0,133.33333333333331,4.0,1.0,15.0,8.535911602209945,515.0,1500.0,350.0,1745.4299187371926,96.84215187890923,0.1733049863393203,0.1993434045800972
AP Dole,1,34.0,147.82608695652172,3.0,1.0,5.0,9.36986301369863,114.0,1500.0,350.0,1693.6190405031002,201.89923439673012,0.6887126594691343,0.4425545128710627
AP Majumdar,2,87.0,112.98701298701299,7.0,2.0,0.0,0.0,0.0,1500.0,350.0,1500.0,350.0,0.1759280561848476,0.0
AP Tare,2,339.0,118.94736842105263,40.0,11.0,0.0,0.0,0.0,1500.0,350.0,1500.0,350.0,0.2508588483362085,0.0
AR Patel,3,1653.0,125.41729893778452,107.0,79.0,131.0,7.279187817258883,3824.0,1500.0,350.0,2386.436072583784,91.99984378081466,0.2260453920483408,0.2192121234043117
AS Joseph,0,27.0,84.375,3.0,0.0,22.0,9.343612334801762,707.0,1500.0,350.0,1818.677157113958,100.96969296523535,-0.1383222801157297,0.2885190619474324
AS Rajpoot,0,26.0,63.41463414634146,2.0,1.0,24.0,8.93121693121693,844.0,1500.0,350.0,1825.2104939851,94.55823667085215,0.022186676392128,0.3340445088716225
AS Raut,1,194.0,112.79069767441861,13.0,7.0,0.0,9.0,45.0,1500.0,350.0,1747.1282391875304,204.2274776920053,0.2711315459233442,0.2523744452424573
AS Roy,1,26.0,108.33333333333333,3.0,0.0,6.0,8.070422535211268,191.0,1500.0,350.0,2275.9146511345607,142.00815884077426,0.1266726454520381,0.2657424087189719
AS Yadav,2,49.0,122.50000000000001,5.0,2.0,0.0,0.0,0.0,1500.0,350.0,1500.0,350.0,0.0947257840258237,0.0
AT Rayudu,4,4348.0,124.58452722063038,359.0,173.0,0.0,0.0,0.0,1500.0,350.0,1500.0,350.0,0.2942481431130379,0.0
AU Rashid,1,22.0,129.41176470588235,2.0,1.0,2.0,9.1,91.0,1500.0,350.0,2017.3034439077487,241.31336243731627,0.2667212559122543,0.3224451782691607
AUK Pathan,1,39.0,150.0,5.0,2.0,0.0,9.21951219512195,63.0,1500.0,350.0,1730.0416378139976,236.48354694497377,-0.0056868629014952,0.1282896384793524
Abdul Samad,1,579.0,141.91176470588235,37.0,36.0,2.0,12.327272727272728,113.0,1500.0,350.0,2054.78754339205,207.45015212939444,0.17876458178073,0.4279645422479258
Abhishek Sharma,1,1377.0,148.86486486486484,128.0,73.0,11.0,8.546762589928058,396.0,1500.0,350.0,2228.2292020465193,106.17142235819466,0.235472505415533,0.2537457260976063
Abishek Porel,2,360.0,147.54098360655738,37.0,15.0,0.0,0.0,0.0,1500.0,350.0,1500.0,350.0,0.1691211669086977,0.0
Akash Deep,1,19.0,158.33333333333331,2.0,1.0,8.0,11.108571428571429,324.0,1500.0,350.0,1697.7539004001678,158.21689902683443,0.1471544163316823,0.4001953511881639
Akash Madhwal,1,4.0,80.0,0.0,0.0,22.0,9.268817204301076,431.0,1500.0,350.0,1639.1739285554545,111.38917787936435,0.2044447784423381,0.3329863384350012
Akash Singh,0,0.0,0.0,0.0,0.0,5.0,9.659574468085106,227.0,1500.0,350.0,1885.7000412908176,149.40004449646082,0.0,0.3830225974119541
Aman Hakim Khan,1,115.0,105.50458715596329,8.0,6.0,0.0,13.0,13.0,1500.0,350.0,1727.378788847784,316.36610555399267,0.2608314446214889,0.8545636455751753
Anand Rajan,0,0.0,0.0,0.0,0.0,10.0,7.62962962962963,206.0,1500.0,350.0,1686.3098026928694,137.0176710934177,0.0,0.2045601631773174
Anirudh Singh,2,63.0,91.30434782608695,6.0,1.0,0.0,0.0,0.0,1500.0,350.0,1500.0,350.0,0.1117645708679642,0.0
Ankit Sharma,1,87.0,126.08695652173914,7.0,4.0,12.0,7.247999999999999,453.0,1500.0,350.0,2173.765166532292,101.19486224575344,0.1202725298431175,0.2442971774061598
Ankit Soni,0,7.0,77.77777777777779,0.0,1.0,4.0,7.767857142857143,145.0,1500.0,350.0,1976.34064046908,171.50979731375568,0.0602889126245277,0.3711520298837765
Anmolpreet Singh,2,139.0,118.80341880341881,19.0,3.0,0.0,0.0,0.0,1500.0,350.0,1500.0,350.0,0.2829905453435374,0.0
Anuj Rawat,2,318.0,115.21739130434783,26.0,14.0,0.0,0.0,0.0,1500.0,350.0,1500.0,350.0,0.3464400456367357,0.0
Anureet Singh,0,36.0,76.59574468085107,2.0,1.0,21.0,8.874418604651163,636.0,1500.0,350.0,1957.0072235175503,101.42429043792366,0.0112403321435813,0.3201234681532114
Arjun Tendulkar,1,13.0,144.44444444444443,0.0,1.0,4.0,8.457831325301205,117.0,1500.0,350.0,1942.461493763626,171.86528001263056,0.329166295286215,0.6354797727573632
Arshad Khan,1,96.0,143.28358208955223,5.0,6.0,6.0,11.058823529411764,282.0,1500.0,350.0,1592.9919219134886,165.64623075010587,0.4997903840792556,0.4378848208697828
Arshdeep Singh,3,29.0,69.04761904761905,4.0,0.0,84.0,8.659325533379215,2097.0,1500.0,350.0,1964.4463001280135,87.27131129118516,0.1918503837717073,0.2887590176202447
Ashutosh Sharma,2,189.0,160.16949152542372,10.0,15.0,0.0,0.0,0.0,1500.0,350.0,1500.0,350.0,0.3736163805054902,0.0
Atharva Taide,1,247.0,139.54802259887003,27.0,8.0,0.0,24.0,4.0,1500.0,350.0,1589.4469116645164,328.389783933147,0.2741440411719922,0.0130752447625241
Avesh Khan,3,41.0,164.0,3.0,3.0,81.0,8.676258992805755,2010.0,1500.0,350.0,2067.77597097484,84.41752747203573,-0.2448833436771842,0.2711211256170704
Azhar Mahmood,1,388.0,124.7588424437299,39.0,13.0,31.0,7.684782608695652,707.0,1500.0,350.0,1884.1013770938312,88.94505559925439,0.3561761076545698,0.3253547432706353
Azmatullah Omarzai,1,42.0,123.52941176470588,2.0,2.0,4.0,8.885496183206108,194.0,1500.0,350.0,1905.4363621281184,161.60406804093736,0.227965375486885,0.3466632523767929
B Akhil,0,76.0,133.33333333333331,5.0,5.0,7.0,7.647668393782384,246.0,1500.0,350.0,1844.0836850213325,125.0596889113981,-0.188335798805765,0.2286223795394679
B Chipli,1,280.0,109.375,28.0,7.0,0.0,20.0,20.0,1500.0,350.0,1625.0950433164678,333.65476701408545,0.3056145184238228,-0.355853458364498
B Geeves,0,0.0,0.0,0.0,0.0,2.0,11.142857142857142,91.0,1500.0,350.0,718.8317511020833,212.78841394207473,0.0,0.8162420802264857
B Indrajith,2,21.0,67.74193548387096,2.0,0.0,0.0,0.0,0.0,1500.0,350.0,1500.0,350.0,0.0440218877367992,0.0
B Kumar,3,306.0,90.53254437869822,30.0,3.0,195.0,7.464532019704434,5051.0,1500.0,350.0,2087.738305475785,88.83572763710299,0.0673095040621085,0.2916015320847496
B Laughlin,0,5.0,38.46153846153847,0.0,0.0,10.0,9.5195530726257,284.0,1500.0,350.0,1798.9638037019056,139.82025522061818,0.1096946289930171,0.3742320477348432
B Lee,1,124.0,121.56862745098039,8.0,8.0,30.0,7.3755458515283845,1126.0,1500.0,350.0,1851.1202607699292,85.90888347970647,0.3555604451202199,0.2573975017961299
B Sai Sudharsan,2,1034.0,134.28571428571428,95.0,32.0,0.0,0.0,0.0,1500.0,350.0,1500.0,350.0,0.3124273835575266,0.0
B Stanlake,1,5.0,250.0,1.0,0.0,7.0,8.0,200.0,1500.0,350.0,2365.362793392637,142.20585491954884,0.7153306405534883,0.3900643046710542
B Sumanth,2,35.0,92.10526315789474,3.0,0.0,0.0,0.0,0.0,1500.0,350.0,1500.0,350.0,0.0672295614843258,0.0
BA Bhatt,1,6.0,85.71428571428571,0.0,1.0,13.0,8.07920792079208,408.0,1500.0,350.0,1783.4273468949348,104.42708084400157,0.565883984283732,0.3756103162682772
BA Stokes,1,935.0,130.22284122562675,81.0,32.0,31.0,8.489626556016598,1023.0,1500.0,350.0,1936.4079020408917,95.62170456387416,0.3050020712762765,0.1916816281062066
BAW Mendis,0,3.0,50.0,0.0,0.0,9.0,7.403225806451613,306.0,1500.0,350.0,2022.3234670261108,112.25563876172411,-0.1039838155071355,0.2976862952577943
BB McCullum,4,2882.0,126.84859154929578,293.0,130.0,0.0,0.0,0.0,1500.0,350.0,1500.0,350.0,0.2735313977672458,0.0
BB Samantray,2,125.0,107.75862068965519,13.0,2.0,0.0,0.0,0.0,1500.0,350.0,1500.0,350.0,0.3279260760622114,0.0
BB Sran,0,10.0,71.42857142857143,0.0,0.0,20.0,8.918604651162791,767.0,1500.0,350.0,1611.207645056836,95.57101761232018,-0.2135890212497843,0.3271011253944276
BCJ Cutting,1,238.0,163.013698630137,15.0,19.0,12.0,8.958333333333334,430.0,1500.0,350.0,1942.224468592792,103.57554831118874,0.4186311969875358,0.3816424913138548
BE Hendricks,0,1.0,33.33333333333333,0.0,0.0,11.0,9.13375796178344,239.0,1500.0,350.0,2035.295901781196,120.4660250425328,0.1168304003812091,0.241261243068567
BJ Hodge,1,1400.0,121.42237640936686,122.0,43.0,18.0,7.815126050420169,310.0,1500.0,350.0,1956.6120019837504,106.86692538198152,0.3123959148049437,0.1449373203879765
BJ Rohrer,1,193.0,132.1917808219178,21.0,5.0,0.0,10.285714285714285,12.0,1500.0,350.0,1668.5346347784898,303.26636800882795,0.317080570564108,0.5713525381848609
BMAJ Mendis,0,23.0,85.18518518518519,0.0,0.0,1.0,7.199999999999999,36.0,1500.0,350.0,1806.1768980746476,236.3743245254759,0.1101550724645525,0.3665802941166441
BR Dunk,2,40.0,111.11111111111111,7.0,0.0,0.0,0.0,0.0,1500.0,350.0,1500.0,350.0,0.2511899287118931,0.0
BW Hilfenhaus,0,0.0,0.0,0.0,0.0,23.0,7.646153846153846,497.0,1500.0,350.0,1806.396089247732,91.0685082702792,0.0,0.3231284537110794
Basil Thampi,0,32.0,86.48648648648648,1.0,1.0,26.0,9.595547309833023,862.0,1500.0,350.0,1682.0899880912211,96.46081954651416,0.0436527969432151,0.3645157009309305
Bipul Sharma,1,187.0,150.80645161290323,11.0,9.0,22.0,7.9954128440366965,581.0,1500.0,350.0,2143.8712525634346,99.2664837209988,0.3539807072855336,0.3131326796555025
C Green,1,707.0,149.78813559322032,62.0,32.0,20.0,8.766233766233768,675.0,1500.0,350.0,2436.533889235332,95.12531634056846,0.2607438212670673,0.2915893971858834
C Munro,1,177.0,122.91666666666667,19.0,8.0,0.0,7.5,15.0,1500.0,350.0,1834.616635984379,274.4323803413535,0.3366233414785016,0.4590233365536995
C Nanda,0,0.0,0.0,0.0,0.0,2.0,6.959999999999999,58.0,1500.0,350.0,1801.7620817051784,201.4253211494267,-0.0001361002119654,0.2282655744503608
C Sakariya,0,20.0,64.51612903225806,3.0,0.0,20.0,7.956521739130434,610.0,1500.0,350.0,2032.1833993956911,89.91847024507982,-0.0152004645184296,0.2516085683491449
C de Grandhomme,1,303.0,132.31441048034935,18.0,18.0,7.0,8.42608695652174,323.0,1500.0,350.0,2174.084439515525,115.65099271267374,0.237250391168672,0.2853204569263966
CA Ingram,2,205.0,112.02185792349727,22.0,5.0,0.0,0.0,0.0,1500.0,350.0,1500.0,350.0,0.2720206648013367,0.0
CA Lynn,2,1329.0,136.4476386036961,132.0,66.0,0.0,0.0,0.0,1500.0,350.0,1500.0,350.0,0.2826197233145261,0.0
CA Pujara,2,390.0,96.7741935483871,50.0,4.0,0.0,0.0,0.0,1500.0,350.0,1500.0,350.0,0.1880937328141622,0.0
CH Gayle,4,4997.0,142.1217292377702,408.0,359.0,19.0,7.756849315068493,755.0,1500.0,350.0,2082.1360335377694,98.92561152421868,0.3888896978293638,0.1753453764397257
CH Morris,3,618.0,149.636803874092,41.0,35.0,107.0,7.918933925596891,2377.0,1500.0,350.0,2058.042500691595,84.54881475220992,0.1915369725640243,0.2439525676192742
CJ Anderson,1,538.0,123.39449541284404,40.0,31.0,14.0,10.0,525.0,1500.0,350.0,1736.794128919571,108.38830402381495,0.4621639350665962,0.2992210063788691
CJ Ferguson,2,98.0,82.35294117647058,9.0,0.0,0.0,0.0,0.0,1500.0,350.0,1500.0,350.0,0.1446268617212411,0.0
CJ Jordan,1,81.0,100.0,3.0,3.0,36.0,9.297071129707113,1111.0,1500.0,350.0,1685.6680356977668,91.40425563475324,0.182304244086651,0.295355216966358
CJ McKay,0,8.0,53.333333333333336,0.0,0.0,1.0,8.571428571428571,60.0,1500.0,350.0,1782.84752217553,220.41580551274976,0.054321429144708,0.3968279895734695
CK Langeveldt,1,8.0,88.88888888888889,0.0,1.0,13.0,7.236363636363636,199.0,1500.0,350.0,1808.6079477140888,124.5520923486688,0.5492075864684892,0.2909713222109411
CL White,1,971.0,125.45219638242895,76.0,38.0,1.0,11.217391304347826,86.0,1500.0,350.0,1854.1248846388671,191.7469169519917,0.3293307613441948,0.3414040367723935
CM Gautam,2,169.0,106.9620253164557,17.0,6.0,0.0,0.0,0.0,1500.0,350.0,1500.0,350.0,0.266964495258467,0.0
CR Brathwaite,1,181.0,150.83333333333334,10.0,16.0,16.0,8.661654135338345,384.0,1500.0,350.0,1986.334245839986,109.83582605748258,0.215182647531081,0.3560975564549802
CR Woakes,1,78.0,101.29870129870129,7.0,2.0,31.0,8.734341252699783,674.0,1500.0,350.0,2070.6338382096933,89.58074539030868,0.1670672346098169,0.3334255475882862
CRD Fernando,1,4.0,133.33333333333331,0.0,0.0,19.0,7.373493975903614,306.0,1500.0,350.0,2151.675185538916,106.81232737657878,-0.01647028759011,0.3005684078582757
CV Varun,3,25.0,51.02040816326531,2.0,0.0,85.0,7.544334975369457,2042.0,1500.0,350.0,2500.683480703457,84.55817331245174,0.1186639026706774,0.214288323515235
D Brevis,1,230.0,130.6818181818182,17.0,16.0,1.0,16.0,8.0,1500.0,350.0,1733.9068324969462,317.4799550610205,0.2268989907449359,-0.0356670389163397
D Kalyankrishna,0,3.0,37.5,0.0,0.0,2.0,10.56,88.0,1500.0,350.0,969.4148516671418,207.02813915881313,-0.0135559245721149,0.5286338779768102
D Padikkal,2,1559.0,117.83824640967498,170.0,42.0,0.0,0.0,0.0,1500.0,350.0,1500.0,350.0,0.1772008236916001,0.0
D Pretorius,1,44.0,157.14285714285714,3.0,3.0,7.0,8.746987951807228,242.0,1500.0,350.0,1965.9580132003523,146.1692726853354,0.4453403622707594,0.3216387085805773
D Salunkhe,1,33.0,137.5,5.0,0.0,1.0,9.411764705882353,80.0,1500.0,350.0,1411.567803315638,195.5889758232391,-0.0434215009548274,0.3750363820330269
D Wiese,1,148.0,140.95238095238096,12.0,7.0,17.0,8.73615635179153,447.0,1500.0,350.0,1892.501651889862,101.92542224302778,0.3844981325634717,0.3835002608695171
D du Preez,0,10.0,76.92307692307693,0.0,0.0,4.0,7.813953488372094,56.0,1500.0,350.0,1744.7600059463325,199.9044498392764,-0.1870529173758083,0.6149330883171906
DA Miller,4,2924.0,134.68447719944726,207.0,134.0,0.0,0.0,0.0,1500.0,350.0,1500.0,350.0,0.3113830826928654,0.0
DA Warner,4,6567.0,135.4299855640338,663.0,236.0,0.0,6.0,2.0,1500.0,350.0,1630.8325079999768,335.3186637633957,0.3009015605526942,-0.4980706737285915
DB Das,2,304.0,113.85767790262172,23.0,16.0,0.0,0.0,0.0,1500.0,350.0,1500.0,350.0,0.2578534255627658,0.0
DB Ravi Teja,1,375.0,115.38461538461537,35.0,9.0,1.0,9.333333333333334,28.0,1500.0,350.0,1594.963746993104,246.3238871769956,0.2426274762644998,0.5850136795591024
DE Bollinger,1,21.0,91.30434782608695,1.0,1.0,43.0,7.16,716.0,1500.0,350.0,1673.2144871595356,87.43004862965235,0.4248313285692467,0.230156696693986
DG Nalkande,1,12.0,100.0,0.0,1.0,6.0,10.112359550561797,150.0,1500.0,350.0,1640.0523568556375,183.77360708262356,0.2567132760564007,0.338999163043531
DH Yagnik,2,170.0,119.71830985915493,23.0,2.0,0.0,0.0,0.0,1500.0,350.0,1500.0,350.0,0.2244638340373662,0.0
DJ Bravo,3,1560.0,125.10024057738573,120.0,66.0,207.0,8.075242718446603,4436.0,1500.0,350.0,2253.8978837086916,88.83422167893988,0.2401743131120293,0.2598866571681753
DJ Harris,1,111.0,107.76699029126213,11.0,5.0,0.0,8.666666666666666,26.0,1500.0,350.0,1773.7522341013614,240.3882400352416,0.1459358266922813,0.691678460829785
DJ Hooda,1,1466.0,125.2991452991453,96.0,61.0,10.0,8.359375,535.0,1500.0,350.0,2053.8240945227953,105.259979554271,0.2212902563953296,0.2718331274243626
DJ Hussey,1,1322.0,120.07266121707538,90.0,60.0,10.0,9.009287925696594,485.0,1500.0,350.0,1742.3977996419153,105.47843265685032,0.2565658521531779,0.2570521223563777
DJ Jacobs,2,92.0,91.0891089108911,10.0,4.0,0.0,0.0,0.0,1500.0,350.0,1500.0,350.0,0.3758896040103239,0.0
DJ Mitchell,1,351.0,128.1021897810219,28.0,10.0,1.0,11.411764705882351,97.0,1500.0,350.0,1924.6992596148584,223.5310457104778,0.3176707153242742,0.4315848511672172
DJ Muthuswami,0,1.0,33.33333333333333,0.0,0.0,4.0,7.714285714285715,108.0,1500.0,350.0,1875.1159292118748,170.43833367311552,-0.2992003699549226,0.4395563819920495
DJ Thornely,1,39.0,72.22222222222221,2.0,2.0,3.0,5.454545454545454,40.0,1500.0,350.0,2098.8462595378724,203.4919225890747,0.1856806433507724,0.2409826072738257
DJ Willey,0,53.0,82.8125,7.0,0.0,7.0,7.520361990950226,277.0,1500.0,350.0,2348.7964807584776,124.48481967105408,0.0244596543637581,0.2611926836092177
DJG Sammy,1,295.0,117.52988047808766,15.0,18.0,14.0,8.704918032786885,354.0,1500.0,350.0,1881.8466507137312,112.41604439751254,0.2854625218666792,0.3778104537151815
DJM Short,2,115.0,112.74509803921569,11.0,5.0,1.0,7.666666666666666,23.0,1500.0,350.0,1861.164870447603,277.7708698310993,0.0292762200267356,-0.4155529109545134
DL Chahar,3,80.0,131.14754098360655,2.0,6.0,79.0,7.70790378006873,2243.0,1500.0,350.0,2187.5648707527757,89.84792771843199,0.3376758490837283,0.2828124032931368
DL Vettori,1,121.0,102.54237288135593,11.0,2.0,34.0,6.83312101910828,894.0,1500.0,350.0,1865.3977142645615,87.71167795709293,0.1735095585963893,0.1630772552365759
DNT Zoysa,0,11.0,122.22222222222223,1.0,0.0,2.0,8.695652173913043,100.0,1500.0,350.0,1176.989939801504,170.44210218861315,-0.3380403783133178,0.3071413089931523
DP Conway,2,924.0,138.11659192825113,100.0,30.0,0.0,0.0,0.0,1500.0,350.0,1500.0,350.0,0.3653667745888878,0.0
DP Nannes,0,4.0,30.76923076923077,0.0,0.0,38.0,7.097242380261249,815.0,1500.0,350.0,1737.5934855216783,84.72775438625487,0.0621183977033578,0.2092704646169181
DP Vijaykumar,0,1.0,100.0,0.0,0.0,4.0,7.735849056603773,205.0,1500.0,350.0,1588.3192406874236,134.25724157280786,0.015248339004108,0.1794152409773299
DPMD Jayawardene,2,1808.0,118.7910643889619,200.0,40.0,0.0,0.0,0.0,1500.0,350.0,1500.0,350.0,0.2391714312333835,0.0
DR Sams,0,44.0,91.66666666666666,1.0,3.0,15.0,8.143958868894602,528.0,1500.0,350.0,2346.0770594412024,99.13525057519144,-0.0482915544605342,0.3654639465735618
DR Smith,4,2385.0,132.27953410981698,245.0,117.0,27.0,8.88689407540395,825.0,1500.0,350.0,2086.6274085195523,100.32171625719177,0.3338354465130746,0.2818490494678771
DS Kulkarni,3,104.0,92.03539823008849,7.0,2.0,91.0,8.037313432835822,2513.0,1500.0,350.0,1900.7821464806864,90.40821104668704,0.1663920197509729,0.2897882805434803
DT Christian,1,460.0,112.74509803921569,23.0,19.0,40.0,7.926247288503254,1218.0,1500.0,350.0,1905.965073713578,88.76743216405458,0.1987658145264824,0.2546259310335351
DW Steyn,3,167.0,102.45398773006136,14.0,3.0,105.0,6.791411042944785,2583.0,1500.0,350.0,1983.465226330164,85.75341374869024,0.1764946793429132,0.2473277511462517
Dhruv Jurel,2,347.0,146.41350210970467,29.0,16.0,0.0,0.0,0.0,1500.0,350.0,1500.0,350.0,0.3853928136232784,0.0
E Lewis,2,654.0,131.06212424849699,62.0,36.0,0.0,0.0,0.0,1500.0,350.0,1500.0,350.0,0.2724643262406555,0.0
EJG Morgan,2,1406.0,119.05165114309906,112.0,64.0,0.0,0.0,0.0,1500.0,350.0,1500.0,350.0,0.3376358774480296,0.0
F du Plessis,4,4571.0,133.07132459970887,422.0,166.0,0.0,16.0,16.0,1500.0,350.0,1571.7537662060722,299.2952700442475,0.3318003700108669,-1.03834243829698
FA Allen,0,14.0,73.68421052631578,1.0,0.0,2.0,8.967032967032967,136.0,1500.0,350.0,1773.3713355475977,188.95708484179977,-0.2596307577374132,0.2642141233866929
FH Edwards,1,4.0,80.0,0.0,0.0,6.0,6.4,160.0,1500.0,350.0,2034.6177048365691,125.11593189616332,0.1896509099639507,0.2280657040047486
FY Fazal,1,183.0,102.23463687150837,22.0,1.0,1.0,10.0,20.0,1500.0,350.0,1675.0963864911191,243.6708954164309,0.1681226971658263,0.5642544486974925
Fazalhaq Farooqi,0,3.0,23.076923076923077,0.0,0.0,6.0,8.481481481481481,229.0,1500.0,350.0,2088.1894092435355,147.69170157231434,0.2119844079600337,0.1784135698845581
G Coetzee,0,14.0,63.63636363636363,0.0,1.0,13.0,9.916666666666666,357.0,1500.0,350.0,2127.5438595514142,117.4061117477421,-0.2385766645770737,0.3382805443157636
G Gambhir,4,4217.0,119.66515323496027,492.0,59.0,0.0,0.0,0.0,1500.0,350.0,1500.0,350.0,0.2130576634969194,0.0
GB Hogg,1,22.0,100.0,1.0,0.0,25.0,7.532188841201716,585.0,1500.0,350.0,2107.635317104459,94.44691298251637,0.108392505789428,0.1640741807340436
GC Smith,2,739.0,106.9464544138929,94.0,9.0,0.0,0.0,0.0,1500.0,350.0,1500.0,350.0,0.2338524690951274,0.0
GC Viljoen,0,3.0,42.857142857142854,0.0,0.0,8.0,9.41095890410959,229.0,1500.0,350.0,1924.53108665946,155.6770756403622,-0.1084092633598087,0.3966934139583638
GD McGrath,0,4.0,80.0,1.0,0.0,14.0,6.674772036474164,366.0,1500.0,350.0,1734.7835849509777,102.9994697035174,-0.4242991739965157,0.3288698879574054
GD Phillips,1,65.0,118.18181818181819,3.0,6.0,2.0,7.741935483870968,40.0,1500.0,350.0,2146.231616243788,221.12634641280053,0.3093930015918383,0.068178354969268
GH Vihari,1,284.0,85.80060422960725,23.0,1.0,1.0,6.697674418604651,48.0,1500.0,350.0,2036.6694659942489,175.5782993983503,0.102521503873241,0.2002351681207318
GHS Garton,0,2.0,50.0,0.0,0.0,3.0,8.412371134020617,136.0,1500.0,350.0,2083.5239002504477,172.47619485631188,-0.2009764992904392,0.3507690525208102
GJ Bailey,2,663.0,120.1086956521739,59.0,19.0,0.0,0.0,0.0,1500.0,350.0,1500.0,350.0,0.2674998518134948,0.0
GJ Maxwell,4,2772.0,150.4885993485342,233.0,160.0,41.0,8.151295336787564,1311.0,1500.0,350.0,2460.882161460341,90.28082734570476,0.3146118357636253,0.2425401001933221
GS Sandhu,0,0.0,0.0,0.0,0.0,1.0,10.75,86.0,1500.0,350.0,1932.1861929784252,234.3084585406381,0.0,0.6378123887798478
Gagandeep Singh,0,0.0,0.0,0.0,0.0,3.0,10.142857142857142,142.0,1500.0,350.0,1205.0237642507705,186.48643365557825,0.0,0.711840415661906
Gurkeerat Singh,1,511.0,117.20183486238531,55.0,11.0,5.0,7.097560975609756,97.0,1500.0,350.0,2096.253559175826,170.69257546338525,0.2453414694430027,0.1730701664249646
H Klaasen,2,993.0,161.99021207177816,56.0,64.0,0.0,0.0,0.0,1500.0,350.0,1500.0,350.0,0.3840246570764492,0.0
H Sharma,0,0.0,0.0,0.0,0.0,0.0,12.400000000000002,62.0,1500.0,350.0,1382.8436753300527,307.06558847689246,0.0,0.4833546763903039
HC Brook,2,190.0,119.49685534591194,23.0,4.0,0.0,0.0,0.0,1500.0,350.0,1500.0,350.0,0.2036575808396944,0.0
HF Gurney,0,1.0,20.0,0.0,0.0,7.0,8.485207100591715,239.0,1500.0,350.0,1920.3963745636431,128.54790589600333,0.1988809162061337,0.4130569432352405
HH Gibbs,2,886.0,105.8542413381123,83.0,31.0,0.0,0.0,0.0,1500.0,350.0,1500.0,350.0,0.2266336313979594,0.0
HH Pandya,3,2534.0,139.69128996692393,189.0,137.0,70.0,8.872727272727273,2196.0,1500.0,350.0,1909.056377533039,91.94557427451744,0.2561809692177698,0.2772883009034799
HM Amla,2,577.0,138.03827751196172,60.0,21.0,0.0,0.0,0.0,1500.0,350.0,1500.0,350.0,0.3417220804547364,0.0
HR Shokeen,1,66.0,98.50746268656717,9.0,0.0,5.0,9.014084507042252,320.0,1500.0,350.0,2288.0937391446773,130.49495446124195,0.151578132274801,0.3681606511010892
HV Patel,3,249.0,116.35514018691589,16.0,15.0,151.0,8.44570928196147,3215.0,1500.0,350.0,2115.780652936486,84.17324394448691,0.1680881901609572,0.2036170717541023
Harbhajan Singh,3,833.0,130.9748427672956,79.0,42.0,161.0,7.038329519450801,4101.0,1500.0,350.0,2201.1341243888287,88.93608641829373,0.1987121842751741,0.2044456289192012
Harmeet Singh,1,18.0,150.0,3.0,0.0,31.0,7.80836236933798,747.0,1500.0,350.0,2064.7485707117703,90.23888171439258,-0.1378373833890298,0.2783705394366642
Harpreet Brar,1,233.0,115.92039800995025,19.0,9.0,25.0,7.864161849710983,907.0,1500.0,350.0,2160.9425052382176,92.16295797823072,0.1897416928207204,0.2722272192062712
Harpreet Singh,2,123.0,103.36134453781514,10.0,3.0,0.0,0.0,0.0,1500.0,350.0,1500.0,350.0,0.174186126693809,0.0
Harshit Rana,0,2.0,66.66666666666666,0.0,0.0,27.0,8.784119106699752,590.0,1500.0,350.0,2230.179106274126,93.96789858645968,-0.1036788490658703,0.2289442940019975
I Sharma,3,57.0,80.28169014084507,4.0,2.0,96.0,8.040345821325648,3255.0,1500.0,350.0,2270.498193904143,84.53441387081041,0.0868183895898908,0.3193728313113609
I Udana,1,15.0,136.36363636363635,1.0,1.0,8.0,9.428571428571429,286.0,1500.0,350.0,2130.3694705054445,123.0185340077203,0.0823020509137748,0.2122500902517967
IC Pandey,0,0.0,0.0,0.0,0.0,19.0,7.791044776119403,609.0,1500.0,350.0,1998.395678229277,96.56903676794302,-0.0022037409440064,0.3521629388985234
IK Pathan,3,1150.0,116.75126903553299,88.0,38.0,99.0,7.698059630856601,2711.0,1500.0,350.0,1836.108290050504,89.63592707583507,0.2027084533366696,0.3091439058901566
IR Jaggi,2,76.0,76.0,6.0,0.0,0.0,0.0,0.0,1500.0,350.0,1500.0,350.0,0.0833912474609785,0.0
IS Sodhi,0,7.0,38.88888888888889,0.0,0.0,9.0,6.725274725274725,204.0,1500.0,350.0,2257.906207976256,126.11264918187948,-0.0137637071722729,0.1741457374754821
Imran Tahir,3,33.0,89.1891891891892,5.0,0.0,86.0,7.741791044776119,1729.0,1500.0,350.0,2558.150790784275,86.06756557693687,0.2389751031510406,0.2179306711916908
Iqbal Abdulla,1,88.0,102.32558139534885,9.0,1.0,45.0,7.158006362672323,1125.0,1500.0,350.0,1963.133143658793,87.26067514744736,0.2362420842152036,0.2741229205237056
Ishan Kishan,4,2644.0,132.79758915118032,255.0,119.0,0.0,0.0,0.0,1500.0,350.0,1500.0,350.0,0.2880502758411462,0.0
J Botha,1,409.0,112.36263736263736,39.0,5.0,27.0,6.922425952045134,818.0,1500.0,350.0,2001.1419195177689,90.8747538289836,0.2899807878289039,0.1362699142337635
J Fraser-McGurk,2,330.0,220.00000000000003,32.0,28.0,0.0,0.0,0.0,1500.0,350.0,1500.0,350.0,-0.0906416732868276,0.0
J Little,0,0.0,0.0,0.0,0.0,13.0,8.669491525423728,341.0,1500.0,350.0,1876.416148725842,110.89838025466344,0.0,0.2151757110914143
J Suchith,1,70.0,112.90322580645163,6.0,3.0,20.0,8.350230414746544,604.0,1500.0,350.0,2240.053547906211,101.42870528291166,0.2778987301726968,0.2383172543969787
J Syed Mohammad,1,29.0,107.40740740740742,4.0,0.0,10.0,8.755102040816325,286.0,1500.0,350.0,1822.4256428486,127.04733610400416,0.1060320274487127,0.3046143619928061
J Theron,1,10.0,76.92307692307693,1.0,0.0,13.0,7.940425531914894,311.0,1500.0,350.0,1882.9516932445104,114.97341293469756,0.2757367269085039,0.1830261950447634
J Yadav,1,40.0,105.26315789473684,2.0,1.0,9.0,6.738693467336684,447.0,1500.0,350.0,2170.2541635918788,100.30006919159489,-0.0016042466331626,0.2277363203316534
JA Morkel,3,975.0,136.93820224719101,61.0,55.0,96.0,7.998893193137797,2409.0,1500.0,350.0,1591.884051394936,87.24957390552156,0.3184668841051736,0.2752220636062756
JA Richardson,0,17.0,62.96296296296296,2.0,0.0,3.0,10.340425531914892,162.0,1500.0,350.0,2225.227149780613,186.2541837787755,-0.0859428702093511,0.4149521404454035
JC Archer,1,199.0,150.75757575757575,11.0,14.0,49.0,7.355623100303951,1210.0,1500.0,350.0,2137.6336589565076,85.39940563059305,0.0459643485487707,0.2809652628454552
JC Buttler,4,3583.0,142.23898372369987,356.0,161.0,0.0,0.0,0.0,1500.0,350.0,1500.0,350.0,0.3036338901824337,0.0
JD Ryder,1,604.0,129.6137339055794,69.0,19.0,11.0,7.817427385892117,314.0,1500.0,350.0,1870.4351776932776,115.88734100706054,0.3047559290031009,0.2461890936779194
JD Unadkat,3,197.0,115.88235294117648,16.0,7.0,109.0,8.80309936189608,3219.0,1500.0,350.0,2089.6148096724796,96.80638975400434,0.1447284545871972,0.3754180462049133
JDP Oram,1,106.0,96.36363636363636,6.0,5.0,13.0,8.901639344262295,362.0,1500.0,350.0,1662.4931982477945,110.78343551489698,0.1459231825152614,0.3065960343200135
JDS Neesham,1,92.0,98.9247311827957,6.0,2.0,8.0,9.243243243243244,342.0,1500.0,350.0,2339.5150663379454,132.19013106603958,0.2527400786511476,0.4356987692365584
JE Taylor,1,3.0,75.0,0.0,0.0,6.0,8.213114754098362,167.0,1500.0,350.0,1748.109482569606,137.5015466841368,0.3380955257684742,0.2194063777179239
JEC Franklin,1,327.0,105.8252427184466,25.0,9.0,9.0,8.70967741935484,225.0,1500.0,350.0,1840.0790823803145,123.86673223295514,0.2154089960254311,0.3175062710009718
JH Kallis,3,2427.0,105.93627237014405,255.0,44.0,74.0,7.8310172317954425,2348.0,1500.0,350.0,1778.5502415912365,89.39509737343789,0.17168867289044,0.2710188279268815
JJ Bumrah,3,68.0,85.0,5.0,1.0,182.0,7.233908948194662,3840.0,1500.0,350.0,2472.4030201770097,82.86931343248723,0.0245742105748102,0.2320879016831859
JJ Roy,2,614.0,133.47826086956522,75.0,21.0,0.0,0.0,0.0,1500.0,350.0,1500.0,350.0,0.2649484111219463,0.0
JJ van der Wath,1,18.0,105.88235294117648,1.0,1.0,3.0,10.578947368421051,134.0,1500.0,350.0,1256.578243367997,189.6527917819249,0.1981152059658381,0.6869183275764935
JL Pattinson,1,15.0,115.38461538461537,2.0,0.0,11.0,8.675675675675677,321.0,1500.0,350.0,1757.7040284370855,116.52119416769202,0.2375479771599078,0.2616955044763235
JM Bairstow,2,1589.0,140.37102473498234,166.0,69.0,0.0,0.0,0.0,1500.0,350.0,1500.0,350.0,0.2645484112468834,0.0
JM Kemp,1,26.0,104.0,1.0,1.0,3.0,7.404255319148936,58.0,1500.0,350.0,1985.0914862964669,187.00734467536873,0.1687047496776,0.0629645658780728
JM Sharma,2,730.0,145.70858283433134,53.0,45.0,0.0,0.0,0.0,1500.0,350.0,1500.0,350.0,0.2478017407484716,0.0
JO Holder,1,259.0,119.35483870967742,13.0,18.0,59.0,8.516682554814109,1489.0,1500.0,350.0,1862.5689285970989,87.08949378187965,0.2657793274633771,0.2752118315446287
JP Behrendorff,0,6.0,66.66666666666666,0.0,0.0,22.0,8.91292875989446,563.0,1500.0,350.0,2175.6098068424026,98.79242054332,-0.2121874385016112,0.3954917500157219
JP Duminy,1,2029.0,120.77380952380952,126.0,79.0,23.0,7.249643366619115,847.0,1500.0,350.0,1959.954728987801,94.45626919302104,0.2683149337572923,0.1864649670211358
JP Faulkner,3,527.0,129.80295566502463,36.0,23.0,76.0,8.620046620046619,1849.0,1500.0,350.0,1744.4983094414945,91.31033626571178,0.2295898594790442,0.2675195631131751
JPR Scantlebury-Searles,0,8.0,133.33333333333331,0.0,1.0,2.0,11.866666666666667,89.0,1500.0,350.0,1400.0960881525532,241.13062590574725,-0.209458604548714,0.4131371357310835
JR Hazlewood,0,19.0,65.51724137931035,1.0,0.0,36.0,8.006430868167202,830.0,1500.0,350.0,2337.8275421404073,87.08388510045968,0.1129277342641849,0.2891112690298336
JR Hopes,1,417.0,132.80254777070064,49.0,11.0,14.0,9.138211382113822,562.0,1500.0,350.0,1597.7254583313563,107.04837276582695,0.2788731495573155,0.3911267783600584
JR Philippe,2,78.0,97.5,9.0,1.0,0.0,0.0,0.0,1500.0,350.0,1500.0,350.0,0.2428511386642707,0.0
JW Hastings,0,0.0,0.0,0.0,0.0,3.0,6.491803278688526,66.0,1500.0,350.0,2326.7755579485565,203.59880483975908,0.0,0.2889424203543076
Jaskaran Singh,0,8.0,72.72727272727273,0.0,0.0,6.0,9.405405405405405,174.0,1500.0,350.0,1368.3501788172457,137.97559186761862,0.1049909514509705,0.1894259755703242
Joginder Sharma,1,36.0,120.0,1.0,2.0,13.0,9.286764705882353,421.0,1500.0,350.0,1303.5094849962568,115.85278140168518,0.2945028390481866,0.3153657589829112
K Goel,1,218.0,91.21338912133892,17.0,9.0,0.0,8.417910447761194,94.0,1500.0,350.0,1713.2332172692506,191.9145630927266,0.1151154540650458,0.2631034160542349
K Gowtham,1,247.0,155.34591194968556,15.0,17.0,22.0,8.263772954924875,825.0,1500.0,350.0,2042.3344481078943,99.08525529391952,-0.0093543195809159,0.243457260401593
K Kartikeya,0,9.0,69.23076923076923,1.0,0.0,10.0,8.315352697095435,334.0,1500.0,350.0,1987.1370135915856,122.279689734873,0.163450148879811,0.2872096112567451
K Khejroliya,0,0.0,0.0,0.0,0.0,5.0,10.279069767441861,221.0,1500.0,350.0,1879.1560171390831,133.62491857462285,0.0,0.2874781085961151
K Rabada,3,206.0,99.51690821256038,16.0,8.0,126.0,8.343995804929207,2652.0,1500.0,350.0,2145.37937446204,84.95880697502379,0.0794290144681271,0.2795039686188457
K Santokie,0,0.0,0.0,0.0,0.0,3.0,10.705882352941178,91.0,1500.0,350.0,1895.413043038889,233.42328405582364,0.0,0.640515434214395
K Upadhyay,1,12.0,133.33333333333331,0.0,1.0,0.0,8.678571428571429,81.0,1500.0,350.0,1817.0172303824847,207.3539597932114,0.2057840216116946,0.6710699076249637
K Yadav,0,0.0,0.0,0.0,0.0,2.0,9.444444444444445,85.0,1500.0,350.0,1607.3130202508023,205.48849346438243,0.0127928514639839,0.0809630708553323
KA Jamieson,1,65.0,118.18181818181819,5.0,3.0,9.0,9.083798882681563,271.0,1500.0,350.0,1695.7227495745346,133.9511830432274,0.3652308591492128,0.4164596514398846
KA Maharaj,0,1.0,50.0,0.0,0.0,2.0,6.5,39.0,1500.0,350.0,2888.599712574499,251.55565939318825,-0.3741809334192241,0.1044632703459374
KA Pollard,4,3437.0,140.45770331017573,221.0,224.0,81.0,8.32282471626734,2200.0,1500.0,350.0,2204.3030838783893,95.11772150689866,0.3404243594382102,0.2517337862210634
KAJ Roach,0,10.0,111.11111111111111,1.0,0.0,0.0,9.230769230769232,80.0,1500.0,350.0,1093.3080600744015,196.18366895664016,-0.3594371129950092,0.2080528159840895
KB Arun Karthik,2,51.0,96.22641509433963,4.0,1.0,0.0,0.0,0.0,1500.0,350.0,1500.0,350.0,0.1039721485319094,0.0
KC Cariappa,1,24.0,114.28571428571428,0.0,2.0,8.0,9.348214285714285,349.0,1500.0,350.0,2062.5295961200045,120.13229933561612,0.3922712528435003,0.4024424391888696
KC Sangakkara,2,1687.0,118.4691011235955,195.0,27.0,0.0,0.0,0.0,1500.0,350.0,1500.0,350.0,0.2341632850288549,0.0
KD Karthik,4,4843.0,131.35340385136968,466.0,161.0,0.0,0.0,0.0,1500.0,350.0,1500.0,350.0,0.2898913051096654,0.0
KH Pandya,3,1647.0,127.97202797202797,144.0,61.0,80.0,7.267063673843334,2644.0,1500.0,350.0,2294.9957104048417,89.3023437749261,0.29034567085639,0.1935588701903924
KJ Abbott,1,13.0,162.5,0.0,1.0,2.0,10.705882352941178,182.0,1500.0,350.0,1711.0274056657568,194.59170409034385,-0.0181679579312008,0.4246248121003267
KK Ahmed,0,1.0,14.285714285714285,0.0,0.0,78.0,8.556133828996284,1918.0,1500.0,350.0,2005.2719742563152,87.74290309494688,-0.0599228714056255,0.3587419221896738
KK Cooper,1,116.0,165.71428571428572,9.0,8.0,36.0,7.89,789.0,1500.0,350.0,2076.6658714575306,84.98323577134828,0.2743691043480424,0.1785333622407683
KK Nair,2,1496.0,125.503355704698,161.0,39.0,0.0,0.0,0.0,1500.0,350.0,1500.0,350.0,0.2932550200548862,0.0
KL Nagarkoti,0,22.0,64.70588235294117,1.0,0.0,5.0,9.308108108108108,287.0,1500.0,350.0,1602.09169985823,134.30683123322927,-0.0469719471058778,0.369516948260124
KL Rahul,4,4689.0,131.05086640581328,400.0,187.0,0.0,0.0,0.0,1500.0,350.0,1500.0,350.0,0.3044343936361754,0.0
KM Asif,0,0.0,0.0,0.0,0.0,7.0,9.734265734265733,232.0,1500.0,350.0,1572.8094221176314,165.4660538839903,-0.0093437431605359,0.4079713069561321
KM Jadhav,2,1208.0,119.36758893280633,102.0,40.0,0.0,0.0,0.0,1500.0,350.0,1500.0,350.0,0.2551158268776495,0.0
KMA Paul,1,18.0,69.23076923076923,1.0,1.0,10.0,7.966666666666667,239.0,1500.0,350.0,1752.3633476510236,127.5807515181473,0.2670228053986299,0.1370584265603542
KMDN Kulasekara,0,5.0,166.66666666666669,1.0,0.0,6.0,6.841121495327102,122.0,1500.0,350.0,1987.6490019016285,148.11918671268552,-0.4095962111821944,0.2385657147783729
KP Appanna,0,2.0,50.0,0.0,0.0,11.0,7.864864864864865,291.0,1500.0,350.0,1953.415194535565,119.88593792089311,-0.2510945619621972,0.2753596748433229
KP Pietersen,1,1001.0,132.05804749340368,91.0,40.0,9.0,7.266666666666666,218.0,1500.0,350.0,1813.7680769426408,124.9368798418542,0.3164895094461812,0.2567453112014002
KR Mayers,1,379.0,137.31884057971016,38.0,22.0,0.0,7.695652173913043,59.0,1500.0,350.0,2168.3822606276335,209.3439413730285,0.3155735007580156,0.1862899377403782
KR Sen,0,0.0,0.0,0.0,0.0,14.0,9.31764705882353,396.0,1500.0,350.0,1968.6084342523743,103.78399208516922,0.0084287000651239,0.2779561405105639
KS Bharat,2,199.0,118.45238095238095,12.0,8.0,0.0,0.0,0.0,1500.0,350.0,1500.0,350.0,0.3081335440014479,0.0
KS Williamson,1,2132.0,122.95271049596307,187.0,64.0,0.0,10.333333333333334,31.0,1500.0,350.0,1546.8542453078112,281.3270618452359,0.2863275889982405,0.7795632515488189
KT Maphaka,0,0.0,0.0,0.0,0.0,1.0,13.846153846153845,90.0,1500.0,350.0,1329.9549490530126,286.10480329832825,0.0,0.4858697006327162
KV Sharma,3,351.0,114.70588235294117,20.0,17.0,82.0,8.407894736842106,2130.0,1500.0,350.0,1993.164673471067,93.36299487367786,0.0336284564179139,0.2794693834649955
KW Richardson,1,36.0,92.3076923076923,2.0,1.0,21.0,8.330434782608695,479.0,1500.0,350.0,1884.1098049863504,96.57036459249495,0.1505194181717037,0.410250127228672
Kamran Akmal,2,128.0,164.1025641025641,13.0,8.0,0.0,0.0,0.0,1500.0,350.0,1500.0,350.0,0.3403217441568243,0.0
Kamran Khan,0,3.0,60.0,0.0,0.0,14.0,8.406779661016948,248.0,1500.0,350.0,1756.3918543136326,117.8351143376293,0.2303338422420175,0.3418817496710615
Karanveer Singh,0,12.0,70.58823529411765,1.0,0.0,14.0,9.098591549295774,323.0,1500.0,350.0,1597.9936153371073,137.41535306948865,0.0247059916535671,0.4290321723886768
Kartik Tyagi,0,13.0,81.25,1.0,0.0,16.0,9.432314410480348,720.0,1500.0,350.0,1961.4788495272912,98.45244080912684,-0.0300152587989964,0.3358284493042228
Kuldeep Yadav,3,183.0,81.69642857142857,16.0,3.0,90.0,8.106382978723403,2413.0,1500.0,350.0,2109.9500196903955,86.38654640826505,0.0531024616056182,0.2396946453751714
L Ablish,0,0.0,0.0,0.0,0.0,5.0,10.133333333333333,76.0,1500.0,350.0,1594.3056731111262,174.92936303954698,-0.0078591683030429,0.1281367078644125
L Balaji,3,36.0,72.0,2.0,1.0,85.0,7.940279542566708,2083.0,1500.0,350.0,1719.9974336043076,82.94078847540216,0.1965865298408664,0.2442278754607306
L Ngidi,0,0.0,0.0,0.0,0.0,28.0,8.070175438596491,460.0,1500.0,350.0,1952.5008913493216,97.50384045474308,0.0,0.2165987370202825
L Ronchi,2,34.0,91.8918918918919,6.0,1.0,0.0,0.0,0.0,1500.0,350.0,1500.0,350.0,0.2263091178300962,0.0
L Wood,1,9.0,300.0,0.0,1.0,1.0,14.842105263157896,94.0,1500.0,350.0,1333.1059631990636,288.1154325812338,-0.4804314244395631,0.2277856352824647
LA Carseldine,1,81.0,114.08450704225352,11.0,0.0,1.0,5.142857142857142,6.0,1500.0,350.0,1637.5486265153706,274.6705831494711,0.20287923906635,0.2998000965393207
LA Pomersbach,2,302.0,120.3187250996016,25.0,13.0,0.0,0.0,0.0,1500.0,350.0,1500.0,350.0,0.2379655908524881,0.0
LB Williams,0,1.0,50.0,0.0,0.0,1.0,10.571428571428571,74.0,1500.0,350.0,1749.6888497025825,242.38545455031172,0.0090879353104565,0.2044807138380086
LE Plunkett,0,1.0,33.33333333333333,0.0,0.0,4.0,8.883116883116884,228.0,1500.0,350.0,1913.9092398965583,145.9170217926052,0.0192015433486759,0.042815771654639
LH Ferguson,1,68.0,141.66666666666669,6.0,2.0,57.0,8.688622754491018,1451.0,1500.0,350.0,1867.909875741092,87.1010050547375,0.462265091910212,0.2993073619324831
LJ Wright,1,106.0,168.25396825396825,16.0,3.0,2.0,10.0,125.0,1500.0,350.0,1833.434566993439,198.5171875304109,0.3597376178440217,0.2758183471371163
LMP Simmons,1,1079.0,122.89293849658314,109.0,44.0,1.0,11.333333333333332,34.0,1500.0,350.0,1322.3111438527817,284.8755075417346,0.3245432439287462,0.7201633490424622
LR Shukla,1,405.0,113.12849162011173,33.0,16.0,17.0,8.429447852760736,458.0,1500.0,350.0,1905.3594671163612,102.1490489631492,0.1525216622962557,0.3442329852630431
LRPL Taylor,1,1017.0,120.07083825265643,66.0,46.0,0.0,11.076923076923077,24.0,1500.0,350.0,1784.203152502714,273.2370343887073,0.1902394005258866,0.7122969494925484
LS Livingstone,1,939.0,154.1871921182266,66.0,66.0,11.0,8.876404494382022,395.0,1500.0,350.0,2462.6752318129943,109.6507423801381,0.3197695559675236,0.332200267223993
Lalit Yadav,1,305.0,101.32890365448506,27.0,7.0,11.0,8.775510204081634,430.0,1500.0,350.0,1854.1783979543247,110.8097983962852,0.1174375195274284,0.2507981955127642
M Ashwin,0,35.0,70.0,2.0,1.0,35.0,7.897550111358575,1182.0,1500.0,350.0,2109.539301567056,90.0425329807512,-0.1766663282725806,0.2381176262288592
M Jansen,0,66.0,92.95774647887323,5.0,2.0,22.0,9.018480492813142,732.0,1500.0,350.0,1890.093777273168,97.98660292127404,0.0493290628222649,0.3869640089926247
M Kaif,2,259.0,100.3875968992248,22.0,6.0,0.0,0.0,0.0,1500.0,350.0,1500.0,350.0,0.1285399163767757,0.0
M Kartik,1,113.0,103.6697247706422,7.0,1.0,39.0,7.197969543147208,1418.0,1500.0,350.0,1831.614499758759,89.37389910053001,0.0873098109724374,0.2109470434469533
M Klinger,2,73.0,93.58974358974359,9.0,0.0,0.0,0.0,0.0,1500.0,350.0,1500.0,350.0,0.1120920418520583,0.0
M Manhas,1,514.0,105.76131687242798,43.0,10.0,0.0,6.0,42.0,1500.0,350.0,1784.1393030597317,240.07532002086552,0.1314360862042355,0.3339618608141045
M Markande,1,48.0,109.09090909090908,5.0,1.0,37.0,8.800542740841248,1081.0,1500.0,350.0,1726.27936253572,93.89857639006108,0.2087893705909098,0.3472732731321798
M Morkel,3,126.0,135.48387096774192,11.0,5.0,88.0,7.5432607416127135,2136.0,1500.0,350.0,1980.294901161331,84.14659927526213,0.078752350636666,0.3073817537359461
M Muralitharan,0,20.0,66.66666666666666,1.0,0.0,67.0,6.698292220113853,1765.0,1500.0,350.0,1981.491881369984,88.98881786139358,-0.1941181745820991,0.1514167238315522
M Ntini,1,11.0,57.89473684210527,2.0,0.0,8.0,7.23943661971831,257.0,1500.0,350.0,1940.8360635617016,122.19454538044668,0.3801369891274553,0.4127951152779895
M Pathirana,0,0.0,0.0,0.0,0.0,38.0,7.359840954274354,617.0,1500.0,350.0,2313.5529524311896,89.9597949406966,0.0,0.0729225805025454
M Prasidh Krishna,0,9.0,37.5,0.0,0.0,54.0,8.485783915515842,1741.0,1500.0,350.0,2110.976281073205,84.27532009624711,-0.1950380647739527,0.2971729407544333
M Rawat,2,55.0,78.57142857142857,4.0,1.0,0.0,0.0,0.0,1500.0,350.0,1500.0,350.0,0.1265088264851726,0.0
M Shahrukh Khan,1,553.0,133.89830508474577,35.0,37.0,0.0,8.0,16.0,1500.0,350.0,1898.5286108649673,285.33083107279083,0.3122417638612781,0.5920191333856972
M Siddharth,0,0.0,0.0,0.0,0.0,1.0,7.448275862068966,72.0,1500.0,350.0,2026.4857188396616,249.14969645201575,0.0,0.3774235971268252
M Theekshana,0,7.0,100.0,0.0,1.0,25.0,7.740095087163233,814.0,1500.0,350.0,2451.756125679076,89.30020424155428,-0.8182154517108131,0.2655669946595714
M Vijay,4,2619.0,118.61413043478262,247.0,91.0,0.0,7.945945945945946,49.0,1500.0,350.0,1933.6922304532145,211.46160112527008,0.2563461142189372,0.0490126003978013
M Vohra,2,1083.0,125.49246813441484,104.0,43.0,0.0,0.0,0.0,1500.0,350.0,1500.0,350.0,0.2429018017664381,0.0
M de Lange,0,1.0,50.0,0.0,0.0,6.0,8.844827586206897,171.0,1500.0,350.0,1871.9224516981292,167.7849251170458,-0.4841665023084657,0.4653989712367328
MA Agarwal,4,2669.0,128.25564632388276,265.0,98.0,0.0,0.0,0.0,1500.0,350.0,1500.0,350.0,0.2891400924965265,0.0
MA Khote,1,24.0,109.09090909090908,2.0,1.0,2.0,10.4,52.0,1500.0,350.0,1322.1829647170389,221.80663068462044,0.1840757436677562,0.4180582632551396
MA Starc,1,105.0,96.3302752293578,11.0,0.0,59.0,8.020477815699659,1175.0,1500.0,350.0,2195.862751623009,88.08930384027924,0.029412064384078,0.2504192873429977
MA Wood,1,12.0,120.0,1.0,1.0,11.0,9.070866141732283,192.0,1500.0,350.0,1996.9871003534872,165.74448576988985,0.2231136950969804,0.1235311955080402
MC Henriques,1,1000.0,124.84394506866417,87.0,28.0,46.0,7.9795709908069465,1302.0,1500.0,350.0,2287.4483933454753,95.89289495186527,0.2626215819166971,0.2644114506383751
MC Juneja,2,125.0,93.28358208955224,11.0,1.0,0.0,0.0,0.0,1500.0,350.0,1500.0,350.0,-0.0013238881232917,0.0
MD Mishra,2,237.0,111.26760563380283,24.0,8.0,0.0,0.0,0.0,1500.0,350.0,1500.0,350.0,0.3634684866864064,0.0
MEK Hussey,2,1977.0,119.96359223300972,198.0,52.0,0.0,0.0,0.0,1500.0,350.0,1500.0,350.0,0.259113622264177,0.0
MF Maharoof,1,177.0,142.74193548387098,12.0,9.0,33.0,7.238095238095237,532.0,1500.0,350.0,1887.265914028473,93.82360175189424,0.5247790590075664,0.2380962138770591
MG Bracewell,1,58.0,118.36734693877551,6.0,1.0,6.0,8.636363636363637,95.0,1500.0,350.0,2412.257869513316,185.67199618672137,0.2706242961841227,0.2299554273103881
MG Johnson,3,167.0,99.40476190476191,10.0,7.0,66.0,8.024596464258263,1740.0,1500.0,350.0,1793.1209748902315,85.5331316311761,0.1519641180809341,0.360309041757815
MJ Clarke,1,98.0,102.08333333333333,12.0,0.0,3.0,6.545454545454545,72.0,1500.0,350.0,1875.3853566718328,187.69432558821327,0.1031725559121725,0.195460557476122
MJ Guptill,2,271.0,137.56345177664974,24.0,15.0,0.0,0.0,0.0,1500.0,350.0,1500.0,350.0,0.3408683378007628,0.0
MJ Henry,0,0.0,0.0,0.0,0.0,3.0,10.457142857142857,183.0,1500.0,350.0,1604.4010656454595,191.5516388432681,0.0,0.4098283871515172
MJ Lumb,2,278.0,140.4040404040404,45.0,6.0,0.0,0.0,0.0,1500.0,350.0,1500.0,350.0,0.2307484669351139,0.0
MJ McClenaghan,3,85.0,116.43835616438356,5.0,7.0,75.0,8.197622585438335,1839.0,1500.0,350.0,2150.5097912743895,85.17167105826512,-0.0191516523492877,0.348349782512712
MJ Santner,1,70.0,90.9090909090909,4.0,3.0,16.0,6.940540540540541,428.0,1500.0,350.0,2362.2350386533876,102.98438447773472,0.239622502022915,0.1629170794589169
MK Lomror,1,527.0,135.47557840616966,33.0,30.0,2.0,8.106382978723403,127.0,1500.0,350.0,2240.832252321892,153.3457891967621,0.2739553917500967,0.2304611973531284
MK Pandey,4,3859.0,117.36618004866179,335.0,111.0,0.0,0.0,0.0,1500.0,350.0,1500.0,350.0,0.2518742873644843,0.0
MK Tiwary,1,1695.0,113.83478844862324,156.0,40.0,1.0,11.066666666666666,83.0,1500.0,350.0,1628.2291439326302,185.14526286035152,0.1949749140924345,0.0292514559232473
ML Hayden,2,1107.0,131.94278903456495,121.0,44.0,0.0,0.0,0.0,1500.0,350.0,1500.0,350.0,0.2601165971833535,0.0
MM Ali,1,1162.0,136.86690223792698,95.0,67.0,40.0,7.012987012987013,900.0,1500.0,350.0,2094.658939330316,94.56896877478916,0.3312828595805151,0.1762566936130944
MM Patel,3,39.0,95.1219512195122,5.0,0.0,82.0,7.523878437047757,1733.0,1500.0,350.0,1770.579328537327,88.23828487811741,0.1458919418835283,0.3168568652005903
MM Sharma,3,124.0,90.51094890510949,9.0,4.0,147.0,8.521663778162912,3278.0,1500.0,350.0,2058.8285852837635,88.39442304877424,0.0562965384998639,0.2976560822093797
MN Samuels,1,161.0,92.52873563218391,9.0,7.0,10.0,7.808219178082192,285.0,1500.0,350.0,1813.7435387210985,114.28553237380945,0.3004133418163564,0.3363879832672895
MN van Wyk,2,167.0,123.7037037037037,19.0,1.0,0.0,0.0,0.0,1500.0,350.0,1500.0,350.0,0.2773628911097746,0.0
MP Stoinis,1,1866.0,136.60322108345534,150.0,91.0,45.0,9.386281588447654,1300.0,1500.0,350.0,2137.9753697765145,95.27158290394787,0.3047735073232141,0.3393495987243589
MP Yadav,0,0.0,0.0,0.0,0.0,8.0,6.947368421052632,88.0,1500.0,350.0,2659.178117468075,190.58597898675828,0.0,0.2859238911888948
MR Marsh,1,665.0,125.0,48.0,38.0,37.0,8.124789207419898,803.0,1500.0,350.0,2095.0152563045194,90.84993484101916,0.2219327353286976,0.2262082509017688
MS Bisla,2,798.0,108.27679782903662,93.0,23.0,0.0,0.0,0.0,1500.0,350.0,1500.0,350.0,0.2214861472610128,0.0
MS Dhoni,4,5243.0,132.8350646060299,363.0,252.0,0.0,0.0,0.0,1500.0,350.0,1500.0,350.0,0.3230182565602725,0.0
MS Gony,1,99.0,130.26315789473685,6.0,8.0,39.0,8.542702702702702,1317.0,1500.0,350.0,1554.2363621947077,92.41741263635996,0.3196395220698889,0.3334381770762427
MS Wade,2,183.0,98.91891891891892,23.0,2.0,0.0,0.0,0.0,1500.0,350.0,1500.0,350.0,0.0500489232371706,0.0
MV Boucher,2,394.0,123.89937106918238,32.0,13.0,0.0,0.0,0.0,1500.0,350.0,1500.0,350.0,0.3379235359584405,0.0
MW Short,1,117.0,118.18181818181819,15.0,4.0,0.0,6.0,25.0,1500.0,350.0,1976.2827337748977,251.76285367079575,0.278762539961217,0.0790260665280015
Mandeep Singh,1,1706.0,120.31029619181946,176.0,38.0,0.0,13.0,26.0,1500.0,350.0,1905.155598473108,284.51773908786663,0.2310239645763535,-0.0495265931951454
Mayank Dagar,0,0.0,0.0,0.0,0.0,2.0,8.91304347826087,205.0,1500.0,350.0,1882.7025322343916,159.69916288566014,0.0030358053657232,0.2172136882822364
Misbah-ul-Haq,2,117.0,142.6829268292683,10.0,6.0,0.0,0.0,0.0,1500.0,350.0,1500.0,350.0,0.2294024148131908,0.0
Mohammad Asif,0,3.0,50.0,0.0,0.0,9.0,9.256281407035175,307.0,1500.0,350.0,1412.38171948363,129.26932473185724,0.0612839140602147,0.4722450661652007
Mohammad Hafeez,0,64.0,76.19047619047619,7.0,2.0,2.0,6.761904761904762,71.0,1500.0,350.0,1615.8987177024746,193.25664949655575,0.1054278267498877,0.1321138922364077
Mohammad Nabi,1,221.0,140.76433121019107,18.0,12.0,15.0,7.5465393794749405,527.0,1500.0,350.0,2106.0951423614756,102.03905812294217,0.2269127489028967,0.2847260311328281
Mohammed Shami,3,74.0,90.2439024390244,6.0,2.0,144.0,8.296707655692185,3486.0,1500.0,350.0,2226.227524523242,82.66306173020072,0.0631058064654633,0.3147233461065191
Mohammed Siraj,3,109.0,89.34426229508196,10.0,4.0,96.0,8.34406535319558,2894.0,1500.0,350.0,2193.597197851194,83.16850411201777,0.2754121385110702,0.2979536253703537
Mohsin Khan,1,25.0,92.5925925925926,2.0,1.0,27.0,8.2603550295858,698.0,1500.0,350.0,1947.6376524388131,91.37536927023108,0.1739525885789701,0.3592348868505173
Mujeeb Ur Rahman,0,12.0,80.0,2.0,0.0,20.0,7.938053097345133,598.0,1500.0,350.0,2032.5056007616977,97.41002265550767,-0.2939780930153904,0.251151436845518
Mukesh Choudhary,1,6.0,100.0,1.0,0.0,16.0,9.100671140939598,452.0,1500.0,350.0,2058.093517342465,113.90816605650896,0.3726016585167551,0.3433145857001514
Mukesh Kumar,0,10.0,50.0,0.0,0.0,31.0,10.1,707.0,1500.0,350.0,1943.9220886412504,95.35646863179082,-0.0156658641868973,0.3388878346916205
Mustafizur Rahman,3,13.0,56.52173913043478,0.0,1.0,70.0,7.946784922394679,1792.0,1500.0,350.0,2142.632077088747,81.84945585249909,0.1556120499698856,0.2741912419917083
N Burger,0,0.0,0.0,0.0,0.0,7.0,8.685714285714285,152.0,1500.0,350.0,2295.9161376838592,171.77192509647972,0.0,0.2387088243746445
N Jagadeesan,2,162.0,104.51612903225806,21.0,2.0,0.0,0.0,0.0,1500.0,350.0,1500.0,350.0,0.167811662686151,0.0
N Pooran,2,1769.0,154.7681539807524,113.0,127.0,0.0,0.0,0.0,1500.0,350.0,1500.0,350.0,0.2447637593182852,0.0
N Rana,4,2636.0,130.81885856079404,234.0,132.0,10.0,8.205405405405406,253.0,1500.0,350.0,2417.6125953782794,114.48703052730416,0.3131376081660684,0.04328116131617
N Saini,2,140.0,97.9020979020979,16.0,0.0,0.0,0.0,0.0,1500.0,350.0,1500.0,350.0,0.1214051621525461,0.0
N Thushara,0,0.0,0.0,0.0,0.0,8.0,9.034883720930232,259.0,1500.0,350.0,2314.2138444887973,132.5446610934984,0.0,0.3481362100228615
N Wadhera,1,350.0,134.09961685823754,32.0,18.0,0.0,6.5,13.0,1500.0,350.0,1749.8714551617709,321.77580067024223,0.3999667257250874,0.2686160765783364
ND Doshi,0,0.0,0.0,0.0,0.0,2.0,8.31578947368421,79.0,1500.0,350.0,1475.020972762546,208.0293237154555,-0.0086146042402387,0.5184892394017491
NK Patel,2,121.0,97.58064516129032,14.0,1.0,0.0,0.0,0.0,1500.0,350.0,1500.0,350.0,0.2875394506651267,0.0
NL McCullum,1,26.0,113.04347826086956,0.0,1.0,0.0,7.0,35.0,1500.0,350.0,1680.424211150149,243.61856744475503,0.2506306644400275,0.4055897863614384
NLTC Perera,1,424.0,130.06134969325154,23.0,26.0,37.0,8.651748251748252,1031.0,1500.0,350.0,1735.6181555627832,88.30903330246142,0.240044720032749,0.3116292079581196
NM Coulter-Nile,1,82.0,109.33333333333333,7.0,4.0,52.0,7.5672645739910305,1125.0,1500.0,350.0,2010.9186746152045,82.94852693684193,0.0916448854582005,0.2826219114331033
NS Naik,2,31.0,58.490566037735846,2.0,0.0,0.0,0.0,0.0,1500.0,350.0,1500.0,350.0,0.0022906059854151,0.0
NT Ellis,0,19.0,73.07692307692307,0.0,1.0,19.0,8.449315068493151,514.0,1500.0,350.0,2051.8494185666395,101.61289774263156,0.1327660558969557,0.3172796444573685
NV Ojha,2,1554.0,114.26470588235293,121.0,79.0,0.0,0.0,0.0,1500.0,350.0,1500.0,350.0,0.2780693625992977,0.0
Naman Dhir,1,140.0,166.66666666666669,12.0,10.0,0.0,11.379310344827587,55.0,1500.0,350.0,2063.8134568586174,253.38176511828655,0.5209463140586722,0.2085404155103175
Navdeep Saini,0,33.0,86.8421052631579,3.0,0.0,26.0,8.516129032258064,968.0,1500.0,350.0,1842.865185124164,92.70650353061262,0.0773974275883701,0.3255719679437976
Naveen-ul-Haq,0,18.0,69.23076923076923,2.0,0.0,26.0,8.874692874692874,602.0,1500.0,350.0,1842.6917669989368,92.0246026753804,0.1008401073500759,0.2437740460895339
Nithish Kumar Reddy,1,303.0,137.10407239819006,15.0,21.0,4.0,10.576271186440678,208.0,1500.0,350.0,1904.997542907519,167.21196549532976,0.4119880638591126,0.3378153204850524
Noor Ahmad,0,13.0,72.22222222222221,2.0,0.0,24.0,7.859649122807017,672.0,1500.0,350.0,2328.710681027995,100.20725810040594,0.0954572800300785,0.2051209231561695
O Thomas,0,0.0,0.0,0.0,0.0,5.0,8.095238095238095,85.0,1500.0,350.0,2152.8403188310276,175.59646555358748,0.0,0.0712716263224934
OA Shah,2,506.0,124.93827160493827,34.0,23.0,0.0,0.0,0.0,1500.0,350.0,1500.0,350.0,0.2733648580565268,0.0
OC McCoy,0,8.0,160.0,0.0,1.0,11.0,8.5,255.0,1500.0,350.0,2597.539049711514,130.6089748279977,-0.4681584860382024,0.2757332073862742
OF Smith,1,51.0,102.0,1.0,5.0,7.0,11.305263157894737,179.0,1500.0,350.0,1843.432918762048,197.80564395167605,0.3519392611923737,0.5707698334496834
P Amarnath,0,0.0,0.0,0.0,0.0,7.0,10.954545454545453,241.0,1500.0,350.0,1016.1253741735128,154.57940593603868,0.0,0.3470194796591801
P Awana,0,5.0,35.714285714285715,0.0,0.0,43.0,8.108527131782946,1046.0,1500.0,350.0,1643.4666359960777,84.13012414178732,-0.0508330967017847,0.3364470976487955
P Dogra,2,127.0,90.0709219858156,4.0,5.0,0.0,0.0,0.0,1500.0,350.0,1500.0,350.0,0.1238037476093171,0.0
P Dubey,0,23.0,69.6969696969697,2.0,0.0,1.0,8.149253731343283,91.0,1500.0,350.0,2183.3706294722724,209.2341981762477,-0.0378290923319756,0.4810650129305819
P Kumar,3,340.0,105.26315789473684,22.0,17.0,102.0,7.604095563139931,3342.0,1500.0,350.0,1900.7505030524655,88.32017436368605,0.141705123542943,0.2801946656781528
P Negi,1,365.0,121.26245847176081,27.0,16.0,38.0,7.809004092769442,954.0,1500.0,350.0,1947.2444635512063,90.31901718875166,0.2685468107107079,0.235904045374208
P Parameswaran,0,1.0,33.33333333333333,0.0,0.0,9.0,8.528301886792452,226.0,1500.0,350.0,1783.0954086946704,129.9822788128768,-1.2217999685487225e-05,0.1457660792047943
P Sahu,1,19.0,146.15384615384613,1.0,1.0,3.0,8.523364485981308,152.0,1500.0,350.0,1928.0992180932683,175.15309032603045,0.5358723833360255,0.2675916065787336
P Simran Singh,2,756.0,143.1818181818182,78.0,41.0,0.0,0.0,0.0,1500.0,350.0,1500.0,350.0,0.3310033867177856,0.0
P Suyal,0,0.0,0.0,0.0,0.0,2.0,8.635514018691588,154.0,1500.0,350.0,2029.148323957732,154.58357276900497,0.0,0.3917032601851457
PA Patel,4,2848.0,116.62571662571663,365.0,49.0,0.0,0.0,0.0,1500.0,350.0,1500.0,350.0,0.1937518181318137,0.0
PA Reddy,2,164.0,98.20359281437125,15.0,2.0,0.0,0.0,0.0,1500.0,350.0,1500.0,350.0,0.2014925028264764,0.0
PBB Rajapaksa,2,277.0,137.81094527363186,22.0,15.0,0.0,0.0,0.0,1500.0,350.0,1500.0,350.0,0.2393049014882691,0.0
PC Valthaty,1,505.0,116.89814814814814,61.0,20.0,7.0,8.117647058823529,207.0,1500.0,350.0,1826.7706003528183,127.02088330316737,0.2651079565347822,0.2482723632313631
PD Collingwood,1,203.0,127.67295597484276,9.0,13.0,5.0,6.733333333333333,101.0,1500.0,350.0,1904.0699461478855,167.36592431884904,0.2748072694525498,0.1702120188675519
PD Salt,2,653.0,169.6103896103896,74.0,34.0,0.0,0.0,0.0,1500.0,350.0,1500.0,350.0,0.2994039520878596,0.0
PH Solanki,0,0.0,0.0,0.0,0.0,2.0,6.5,39.0,1500.0,350.0,1707.916659958398,240.58685610643673,0.0,-0.0207301239543044
PJ Cummins,3,515.0,143.4540389972145,33.0,34.0,66.0,8.654014598540146,1976.0,1500.0,350.0,2025.6855767987197,87.64622517017551,0.2625810636385133,0.2956604060751918
PJ Sangwan,0,26.0,55.319148936170215,1.0,0.0,44.0,8.399999999999999,1267.0,1500.0,350.0,1988.595140255924,94.6911966172479,0.123241379076762,0.3052539531333925
PK Garg,2,273.0,110.5263157894737,16.0,9.0,0.0,0.0,0.0,1500.0,350.0,1500.0,350.0,0.2256427045779566,0.0
PM Sarvesh Kumar,0,1.0,50.0,0.0,0.0,1.0,8.129032258064516,42.0,1500.0,350.0,1614.8960393758505,247.10172055377575,0.0668826301185294,0.1169714969079775
PN Mankad,2,97.0,129.33333333333331,13.0,2.0,0.0,0.0,0.0,1500.0,350.0,1500.0,350.0,0.4422270189903031,0.0
PP Chawla,3,624.0,107.58620689655172,56.0,20.0,201.0,7.977920410783056,5179.0,1500.0,350.0,2294.9091324240867,87.27018520458776,0.1089587929945593,0.2450878854342728
PP Ojha,3,16.0,35.55555555555556,0.0,0.0,99.0,7.40051413881748,2399.0,1500.0,350.0,1855.759744546252,88.5220871654293,0.0341448742717262,0.2250153858539995
PP Shaw,2,1892.0,143.22482967448903,238.0,61.0,0.0,0.0,0.0,1500.0,350.0,1500.0,350.0,0.2903475028920469,0.0
PR Shah,2,92.0,94.84536082474226,9.0,2.0,0.0,0.0,0.0,1500.0,350.0,1500.0,350.0,0.1948993732817389,0.0
PV Tambe,0,18.0,46.15384615384615,1.0,0.0,28.0,7.70919881305638,866.0,1500.0,350.0,2002.5741713400296,95.16148721746391,-0.0223261082603748,0.2435281695311096
PVD Chameera,1,43.0,134.375,3.0,3.0,11.0,8.92929292929293,442.0,1500.0,350.0,1774.4386833081728,111.85506583488316,0.2217116003455527,0.2233456405729572
PWH de Silva,1,72.0,90.0,7.0,1.0,36.0,8.165170556552962,758.0,1500.0,350.0,2100.5890154060244,89.9613540678581,0.2478049066910066,0.301280823805505
Pankaj Singh,0,7.0,58.333333333333336,0.0,0.0,11.0,9.106109324758842,472.0,1500.0,350.0,1842.167854424147,108.15230426452028,-0.1877249008574428,0.3251051152376529
Parvez Rasool,0,17.0,85.0,1.0,0.0,4.0,8.19,273.0,1500.0,350.0,1855.6479614830987,122.3820324027978,0.0133707643014289,0.1456025918627653
Q de Kock,4,3160.0,131.12033195020746,316.0,123.0,0.0,0.0,0.0,1500.0,350.0,1500.0,350.0,0.287655960624874,0.0
R Ashwin,3,800.0,114.61318051575931,61.0,28.0,198.0,6.969437914084207,5435.0,1500.0,350.0,2368.099408808465,87.80584614129945,0.2377260476854023,0.1682794031233573
R Bhatia,3,342.0,117.9310344827586,24.0,13.0,82.0,7.437688139674895,2059.0,1500.0,350.0,2235.933451331578,91.9875362980931,0.1898131091460652,0.2035164568065876
R Dhawan,1,210.0,111.70212765957446,18.0,7.0,27.0,7.982683982683984,922.0,1500.0,350.0,2144.691073608107,93.78568303261508,0.1506768285693477,0.2186526036117598
R Dravid,2,2174.0,113.34723670490095,269.0,28.0,0.0,0.0,0.0,1500.0,350.0,1500.0,350.0,0.2272298492321308,0.0
R McLaren,0,159.0,89.32584269662921,14.0,1.0,14.0,9.0,558.0,1500.0,350.0,1321.039136812483,99.6838005212726,0.0729486842047301,0.3902718134414509
R Ninan,0,3.0,50.0,0.0,0.0,3.0,10.833333333333334,65.0,1500.0,350.0,1075.1013888767136,240.56089516553223,-0.2960834290594972,0.7122628127013673
R Parag,1,1173.0,129.04290429042905,84.0,60.0,5.0,10.176795580110497,307.0,1500.0,350.0,2200.2220715526264,119.1524479682681,0.3056671192954827,0.3089087553840295
R Powell,1,360.0,141.73228346456693,21.0,28.0,1.0,10.0,35.0,1500.0,350.0,2014.7845846455152,277.1966873814672,0.3239244912867345,0.302548369569117
R Rampaul,1,51.0,98.07692307692307,3.0,2.0,17.0,6.884892086330935,319.0,1500.0,350.0,1876.1707017096,104.04627087251004,0.1604166098618311,0.1689283612300103
R Ravindra,2,222.0,152.05479452054794,22.0,12.0,0.0,3.5,7.0,1500.0,350.0,1936.501722553403,293.09582593266686,0.4933156174689164,0.086372432982526
R Sai Kishore,1,13.0,216.66666666666666,0.0,2.0,13.0,8.136125654450261,259.0,1500.0,350.0,2315.313751905929,133.96117326547682,0.8579296140814773,0.1301373787421381
R Sathish,1,270.0,114.40677966101696,22.0,6.0,6.0,9.708333333333334,233.0,1500.0,350.0,1837.951848875108,133.47283831349506,0.1878964074591801,0.3990048773374037
R Sharma,1,66.0,85.71428571428571,5.0,3.0,42.0,7.0588235294117645,1100.0,1500.0,350.0,1832.8811329357036,89.47629419893792,0.2481534960040703,0.252369575786169
R Shepherd,1,115.0,169.11764705882354,7.0,10.0,6.0,11.729323308270676,260.0,1500.0,350.0,1314.3336908583617,177.5475324676135,0.5135863143901738,0.2455457246167672
R Shukla,1,19.0,82.6086956521739,2.0,0.0,7.0,10.015384615384615,217.0,1500.0,350.0,1568.1741903445156,141.18263547441347,0.2007698960361688,0.359452816214497
R Tewatia,1,1013.0,128.55329949238578,84.0,47.0,36.0,7.7390300230946885,1117.0,1500.0,350.0,1972.7539717818936,96.1691659522822,0.305889681175407,0.2331901140682768
R Vinay Kumar,3,310.0,107.26643598615917,21.0,9.0,127.0,8.346752058554436,3041.0,1500.0,350.0,1823.7188114089695,85.40656835735105,0.1238252015241927,0.3141559175094425
RA Jadeja,3,2959.0,124.4322960470984,215.0,107.0,169.0,7.574326059050064,4917.0,1500.0,350.0,2368.0929601931484,91.27143307401026,0.2437023029475484,0.2461317202462561
RA Tripathi,1,2236.0,135.51515151515153,223.0,84.0,0.0,12.0,12.0,1500.0,350.0,1729.0049612722232,316.44239465638736,0.2433993540955946,0.5273168560897198
RD Chahar,3,129.0,101.5748031496063,13.0,5.0,76.0,7.65468473777254,2165.0,1500.0,350.0,2246.7635468143976,86.7688505470319,0.2146562963520045,0.2400338215356489
RD Gaikwad,4,2380.0,133.63279056709715,217.0,91.0,0.0,0.0,0.0,1500.0,350.0,1500.0,350.0,0.3381171054818352,0.0
RE Levi,2,83.0,112.16216216216218,10.0,4.0,0.0,0.0,0.0,1500.0,350.0,1500.0,350.0,0.2769970648052696,0.0
RE van der Merwe,1,159.0,110.41666666666667,11.0,8.0,25.0,6.791208791208791,515.0,1500.0,350.0,2260.4856466945057,92.7459572063312,0.3222796223852417,0.1003823208332973
RG More,0,2.0,100.0,0.0,0.0,1.0,10.216216216216216,63.0,1500.0,350.0,1502.504367445843,227.28659257843967,-8.140302757697615e-05,0.1354209790487368
RG Sharma,4,6630.0,127.91819409608335,599.0,281.0,16.0,7.9426934097421205,462.0,1500.0,350.0,1893.0121162661223,105.22554840132086,0.3093133309741699,0.2381060747781166
RJ Gleeson,0,2.0,100.0,0.0,0.0,1.0,8.470588235294118,72.0,1500.0,350.0,2183.479898700773,210.29470527776644,-0.3540312420488731,0.3878385851676268
RJ Harris,1,117.0,104.46428571428572,6.0,3.0,47.0,7.526011560693642,1085.0,1500.0,350.0,1915.4676478585095,86.06830104646245,0.1278995990659217,0.3319410511360875
RJ Peterson,0,32.0,100.0,3.0,1.0,3.0,8.75,70.0,1500.0,350.0,1607.8192201368142,197.650081630834,-0.143568012313721,0.4178097686726367
RJ Quiney,2,103.0,98.09523809523809,12.0,3.0,0.0,0.0,0.0,1500.0,350.0,1500.0,350.0,0.1548241223969394,0.0
RJW Topley,0,3.0,50.0,0.0,0.0,5.0,10.205607476635514,182.0,1500.0,350.0,1828.0698774106,168.8791875931065,0.221170289906712,0.3095203768464223
RK Singh,2,893.0,136.54434250764527,67.0,46.0,0.0,0.0,0.0,1500.0,350.0,1500.0,350.0,0.2631714118691571,0.0
RM Patidar,2,799.0,149.625468164794,51.0,54.0,0.0,0.0,0.0,1500.0,350.0,1500.0,350.0,0.3786543673871983,0.0
RN ten Doeschate,1,326.0,136.9747899159664,26.0,15.0,3.0,6.795180722891567,94.0,1500.0,350.0,1974.357890451492,149.86967414188007,0.4343408403870658,0.2001631752197752
RP Meredith,0,0.0,0.0,0.0,0.0,21.0,8.978313253012049,621.0,1500.0,350.0,1740.1743248741564,96.06842172206797,0.0004250319811598,0.27776739725714
RP Singh,3,52.0,66.66666666666666,2.0,1.0,100.0,7.7385272145144075,2417.0,1500.0,350.0,1917.4617365440292,84.92507063308406,-0.1681841424110454,0.2778541374455023
RR Pant,4,3297.0,143.59756097560975,298.0,154.0,0.0,0.0,0.0,1500.0,350.0,1500.0,350.0,0.3486765559810525,0.0
RR Powar,1,67.0,104.6875,6.0,1.0,15.0,7.28668171557562,538.0,1500.0,350.0,1532.3666663101233,98.52690299768632,0.3293679024234019,0.1797171029337196
RR Raje,1,20.0,111.11111111111111,1.0,1.0,7.0,8.916666666666668,214.0,1500.0,350.0,1613.7238038288715,136.05102518227574,0.2614219959237068,0.3711570035775984
RR Rossouw,2,473.0,147.35202492211837,45.0,25.0,0.0,0.0,0.0,1500.0,350.0,1500.0,350.0,0.3606436632806253,0.0
RR Sarwan,2,73.0,93.58974358974359,6.0,1.0,0.0,0.0,0.0,1500.0,350.0,1500.0,350.0,0.1099624993005381,0.0
RS Bopara,1,531.0,113.46153846153845,39.0,16.0,13.0,8.47887323943662,301.0,1500.0,350.0,2084.8183131997166,121.18968524814916,0.2566869240691161,0.3262033117883047
RS Hangargekar,0,0.0,0.0,0.0,0.0,3.0,8.372093023255815,60.0,1500.0,350.0,2138.142866374459,222.35778740385769,0.0,0.0665180301346957
RT Ponting,2,91.0,70.54263565891473,5.0,2.0,0.0,0.0,0.0,1500.0,350.0,1500.0,350.0,0.1007428903769141,0.0
RV Gomez,1,50.0,94.33962264150944,5.0,1.0,6.0,8.041237113402062,130.0,1500.0,350.0,2058.5444009439307,145.47066761292993,0.2864424476768337,0.2905588553470752
RV Patel,1,80.0,105.26315789473684,6.0,2.0,0.0,6.6000000000000005,22.0,1500.0,350.0,1814.1781957498704,305.04075588492907,0.2696763618808675,0.3040751675580455
RV Uthappa,4,4954.0,126.15227909345556,481.0,182.0,0.0,0.0,0.0,1500.0,350.0,1500.0,350.0,0.2981855094246297,0.0
Rahmanullah Gurbaz,2,289.0,126.75438596491229,24.0,19.0,0.0,0.0,0.0,1500.0,350.0,1500.0,350.0,0.2486853286654591,0.0
Ramandeep Singh,1,170.0,160.37735849056605,8.0,13.0,6.0,8.533333333333333,64.0,1500.0,350.0,1749.3908593776675,189.1184671923171,0.1024920532319791,0.0054656486630841
Rashid Khan,3,545.0,153.52112676056336,39.0,38.0,157.0,6.907962771458117,3340.0,1500.0,350.0,2161.1775479023645,87.72096085885607,0.2070637964885509,0.1597385355996937
Rasikh Salam,1,40.0,100.0,5.0,0.0,9.0,9.884057971014492,341.0,1500.0,350.0,1904.922677140697,129.72422417144767,0.088480098363769,0.2568958486685843
Ravi Bishnoi,3,32.0,61.53846153846154,2.0,0.0,68.0,7.647945205479452,1861.0,1500.0,350.0,2209.8505062703857,89.81229483627034,-0.0233602056407646,0.2426889820988807
S Anirudha,2,136.0,112.39669421487604,9.0,7.0,0.0,0.0,0.0,1500.0,350.0,1500.0,350.0,0.2171502453870394,0.0
S Aravind,1,59.0,100.0,7.0,0.0,48.0,8.048223350253807,1057.0,1500.0,350.0,1961.05664852393,89.89896794082348,0.0922214264645585,0.3049762688889508
S Badree,0,13.0,52.0,0.0,0.0,11.0,7.505703422053232,329.0,1500.0,350.0,2024.3671618569324,112.3974448851185,0.0238562346039025,0.3052170193027113
S Badrinath,2,1441.0,115.74297188755021,154.0,28.0,0.0,0.0,0.0,1500.0,350.0,1500.0,350.0,0.2726362841693615,0.0
S Chanderpaul,2,25.0,75.75757575757575,4.0,0.0,0.0,0.0,0.0,1500.0,350.0,1500.0,350.0,-0.021923736203527,0.0
S Dhawan,4,6769.0,123.45431333211745,768.0,153.0,4.0,8.816326530612246,72.0,1500.0,350.0,1764.8878624425793,174.32673188928968,0.2418866945439136,0.1254654584749635
S Dube,1,1502.0,139.46146703806872,86.0,101.0,6.0,9.743589743589745,190.0,1500.0,350.0,2304.381392865529,129.2200535876079,0.3171440700892639,0.183741900173297
S Gopal,1,180.0,104.04624277456647,19.0,2.0,53.0,8.148,1358.0,1500.0,350.0,1960.3722401758969,94.23328472865654,0.1586725203268043,0.3355909011947403
S Joseph,0,0.0,0.0,0.0,0.0,0.0,10.2,51.0,1500.0,350.0,1415.6823588450875,315.0913768492254,0.0,0.2633015058119255
S Kaul,3,20.0,55.55555555555556,1.0,0.0,63.0,8.588045234248789,1772.0,1500.0,350.0,1947.368538651211,86.56727779646933,0.1647546269786244,0.3046715591547069
S Kaushik,0,0.0,0.0,0.0,0.0,6.0,8.685714285714285,304.0,1500.0,350.0,1916.849917976605,137.35259433020894,8.974321022170992e-05,0.2678551295550632
S Ladda,0,0.0,0.0,0.0,0.0,5.0,9.574468085106382,225.0,1500.0,350.0,1805.8144671975356,143.74794468111207,-0.0035768604573724,0.5039485836320157
S Lamichhane,0,0.0,0.0,0.0,0.0,14.0,8.445497630331754,297.0,1500.0,350.0,1864.820118381016,110.75668179186464,-0.0026414152716083,0.2124848033429319
S Nadeem,0,39.0,44.31818181818182,2.0,0.0,54.0,7.4792243767313025,1800.0,1500.0,350.0,2055.570622238978,93.45763606765094,-0.0258157061430205,0.2594506824624179
S Narwal,1,37.0,127.58620689655173,6.0,0.0,6.0,10.778761061946902,203.0,1500.0,350.0,1690.4657606386706,154.35171406987746,0.1351823898130228,0.3856123047422415
S Rana,1,91.0,110.97560975609757,9.0,1.0,0.0,6.75,18.0,1500.0,350.0,1868.7449027629875,240.1488982248227,0.2871672771231208,0.4481160866379641
S Randiv,0,2.0,50.0,0.0,0.0,8.0,7.433333333333334,223.0,1500.0,350.0,1742.2568106336312,133.17112522922704,-0.2235051520076059,0.1908587767574454
S Sandeep Warrier,0,0.0,0.0,0.0,0.0,8.0,8.761363636363637,257.0,1500.0,350.0,2420.243744282754,130.37144356681125,0.0,0.3835986473748529
S Sohal,2,368.0,118.32797427652733,34.0,18.0,0.0,0.0,0.0,1500.0,350.0,1500.0,350.0,0.3462211291123572,0.0
S Sreesanth,1,34.0,59.64912280701754,6.0,0.0,43.0,7.736008447729672,1221.0,1500.0,350.0,2053.1193792908803,87.67821198510073,0.2304962593817951,0.3062293122846654
S Sriram,0,31.0,81.57894736842105,3.0,0.0,0.0,16.333333333333336,49.0,1500.0,350.0,1536.0045279252176,275.0357196519754,0.0292739783763853,0.9273868203404484
S Tyagi,0,3.0,75.0,0.0,0.0,6.0,8.290909090909091,304.0,1500.0,350.0,1440.6417505563006,122.41392066690248,-0.2313807974543275,0.3560099501649683
S Vidyut,1,145.0,126.08695652173914,21.0,3.0,1.0,10.153846153846153,22.0,1500.0,350.0,1214.4170955220502,279.22342921331784,0.2222624021531799,0.5201023209667239
SA Abbott,1,22.0,122.22222222222223,1.0,2.0,1.0,10.576271186440678,104.0,1500.0,350.0,1550.910279760746,244.77067453276717,0.6175648465113354,0.2269647363284629
SA Asnodkar,2,423.0,120.17045454545455,56.0,10.0,0.0,0.0,0.0,1500.0,350.0,1500.0,350.0,0.242275603574236,0.0
SA Yadav,4,3594.0,142.50594766058683,385.0,130.0,0.0,8.0,8.0,1500.0,350.0,1677.9643266454864,305.83318193967364,0.308677327079597,-0.0366893268775574
SB Bangar,1,49.0,84.48275862068965,1.0,3.0,6.0,8.666666666666666,221.0,1500.0,350.0,1553.542560475103,138.34740151323027,0.1649903679578235,0.4377074778213436
SB Jakati,1,28.0,93.33333333333333,3.0,0.0,50.0,8.032697547683924,1474.0,1500.0,350.0,1722.0400109761474,92.99173427362368,0.3115095701404726,0.2608060413465251
SB Joshi,0,6.0,37.5,0.0,0.0,1.0,8.945454545454545,82.0,1500.0,350.0,1600.9355059358493,214.1191012167306,0.0627426561869349,0.3195988448596641
SB Styris,1,131.0,97.76119402985076,10.0,3.0,9.0,7.513513513513514,278.0,1500.0,350.0,1638.0161614159606,117.34100568754468,0.1066863924562214,0.3694346441070965
SB Wagh,0,2.0,66.66666666666666,0.0,0.0,5.0,8.166666666666668,147.0,1500.0,350.0,1763.4923263232838,148.2502377046995,-0.1732639704096364,0.3249162246417612
SC Ganguly,1,1349.0,101.73453996983409,137.0,42.0,12.0,7.928571428571429,370.0,1500.0,350.0,1776.85491005289,109.1325265918654,0.2637693766216982,0.3143880880174948
SC Kuggeleijn,0,0.0,0.0,0.0,0.0,2.0,8.52,71.0,1500.0,350.0,2043.659899002506,219.6005711487444,0.0,0.2841301963618446
SD Chitnis,1,99.0,107.6086956521739,10.0,2.0,2.0,9.789473684210526,62.0,1500.0,350.0,1749.6146798616842,252.3206246579844,0.2670983716220717,0.1460904947027095
SD Hope,2,183.0,146.4,12.0,12.0,0.0,0.0,0.0,1500.0,350.0,1500.0,350.0,0.4138162388048061,0.0
SE Bond,0,1.0,50.0,0.0,0.0,9.0,7.068062827225131,225.0,1500.0,350.0,1788.8408954987322,114.8735184178387,-0.4229495804661516,0.1974075961578562
SE Marsh,4,2489.0,130.10977522216413,269.0,78.0,0.0,0.0,0.0,1500.0,350.0,1500.0,350.0,0.3301980376506243,0.0
SE Rutherford,1,106.0,99.06542056074767,3.0,8.0,1.0,7.826086956521739,60.0,1500.0,350.0,2081.0251543290788,192.48074849184312,0.3486761984433522,0.150258888211161
SH Johnson,0,6.0,85.71428571428571,1.0,0.0,4.0,9.393939393939394,155.0,1500.0,350.0,2202.880452299977,175.72237290013234,0.0585800389688416,0.1946532458447934
SJ Srivastava,1,5.0,100.0,0.0,0.0,15.0,8.705882352941176,444.0,1500.0,350.0,1697.347578651399,104.3160553149609,0.2305872364326883,0.3217725544855858
SK Raina,4,5536.0,132.53531242518554,506.0,204.0,30.0,7.348387096774193,1139.0,1500.0,350.0,1983.7825549740232,101.69108303488134,0.2896823990984373,0.2154337933598857
SK Trivedi,3,42.0,68.85245901639344,3.0,1.0,73.0,7.491329479768787,1944.0,1500.0,350.0,1966.0641447623157,92.40688833993929,0.15361170263297,0.208774275832322
SK Warne,1,198.0,90.41095890410958,14.0,6.0,60.0,7.187244480784955,1465.0,1500.0,350.0,1887.346344527174,90.3177335260369,0.1410438422101424,0.1972990308179925
SL Malinga,3,88.0,85.43689320388349,6.0,5.0,188.0,7.032952252858103,3486.0,1500.0,350.0,1727.7271703386118,85.83203517314654,0.2204318480797978,0.2223132353141787
SM Boland,0,0.0,0.0,0.0,0.0,3.0,7.813953488372094,56.0,1500.0,350.0,2018.4808371720103,219.79975132776033,0.0,0.205688271180872
SM Curran,3,883.0,131.2035661218425,74.0,37.0,62.0,9.354943273905995,1924.0,1500.0,350.0,2060.4268830013743,87.45991161957963,0.2560730419513434,0.3118739069949989
SM Harwood,0,9.0,64.28571428571429,0.0,0.0,3.0,6.6268656716417915,74.0,1500.0,350.0,1529.9099328094912,187.85142350917164,-0.189748090419237,0.3965667307085833
SM Katich,2,241.0,126.17801047120419,26.0,8.0,0.0,0.0,0.0,1500.0,350.0,1500.0,350.0,0.3054198801302725,0.0
SM Pollock,1,147.0,126.72413793103448,12.0,8.0,13.0,6.578571428571429,307.0,1500.0,350.0,1759.8440081944875,113.37024262792843,0.2763261343260759,0.2661168266968205
SMSM Senanayake,0,10.0,58.82352941176471,0.0,0.0,9.0,6.492307692307692,211.0,1500.0,350.0,1957.360332032572,124.71411997572932,-0.3495765498378888,0.2149056785458952
SN Khan,2,585.0,128.28947368421052,63.0,14.0,0.0,18.0,6.0,1500.0,350.0,1618.0964972727763,331.79359927202734,0.2164809942225835,-0.7320517094995966
SN Thakur,3,307.0,134.64912280701756,27.0,13.0,100.0,8.816574027286508,2908.0,1500.0,350.0,1989.8302588452177,88.11312724691389,-0.0280289778433135,0.3042615971404954
SO Hetmyer,2,1243.0,145.5503512880562,76.0,82.0,0.0,0.0,0.0,1500.0,350.0,1500.0,350.0,0.3902661659204215,0.0
SP Fleming,2,196.0,114.61988304093566,27.0,3.0,0.0,0.0,0.0,1500.0,350.0,1500.0,350.0,0.2762227866675803,0.0
SP Goswami,2,293.0,95.43973941368078,32.0,3.0,0.0,0.0,0.0,1500.0,350.0,1500.0,350.0,0.2038265073839553,0.0
SP Jackson,2,61.0,107.01754385964912,5.0,1.0,0.0,0.0,0.0,1500.0,350.0,1500.0,350.0,0.2044296979311483,0.0
SP Narine,3,1534.0,155.8943089430894,164.0,97.0,200.0,6.761215629522431,4672.0,1500.0,350.0,2355.5706891476166,84.41692136409964,0.1081488421667489,0.1754452314625342
SPD Smith,1,2495.0,124.81240620310155,226.0,60.0,0.0,15.0,5.0,1500.0,350.0,1699.7266600985313,310.4592710133354,0.2277199278859919,0.9597406083651744
SR Tendulkar,4,2334.0,114.18786692759295,296.0,29.0,0.0,9.567567567567567,59.0,1500.0,350.0,1449.7632541640685,212.64869190921297,0.19649229962337,0.1114957706568884
SR Watson,4,3880.0,134.1632088520055,377.0,190.0,107.0,7.698642957416939,2742.0,1500.0,350.0,2012.030287022034,93.076108063141,0.3628132911044385,0.2450597974836782
SS Cottrell,0,0.0,0.0,0.0,0.0,6.0,8.106870229007633,177.0,1500.0,350.0,2013.084529728831,169.2221696118675,0.0005134348457751,0.4590626768181053
SS Iyer,4,3131.0,123.02554027504911,272.0,113.0,0.0,7.0,7.0,1500.0,350.0,1750.25948986732,323.90338863566666,0.2568544435743231,0.9748237890317394
SS Prabhudessai,2,126.0,111.50442477876106,11.0,4.0,0.0,0.0,0.0,1500.0,350.0,1500.0,350.0,0.3283996499060739,0.0
SS Tiwary,2,1494.0,115.72424477149497,111.0,50.0,0.0,0.0,0.0,1500.0,350.0,1500.0,350.0,0.2471256110001213,0.0
SSB Magala,0,0.0,0.0,0.0,0.0,1.0,8.432432432432433,52.0,1500.0,350.0,2033.1496253649025,226.07230352298953,0.0,0.08512654738681
ST Jayasuriya,1,768.0,134.03141361256544,84.0,39.0,16.0,7.893687707641195,396.0,1500.0,350.0,1928.078768290262,105.53302440600793,0.2886627644910711,0.3065790340009479
STR Binny,1,880.0,125.71428571428571,66.0,35.0,28.0,7.4926350245499185,763.0,1500.0,350.0,2129.4310197484306,97.85464775532172,0.2672741927147997,0.1618642407862884
SV Samson,4,4419.0,135.1376146788991,352.0,206.0,0.0,0.0,0.0,1500.0,350.0,1500.0,350.0,0.3077970520993004,0.0
SW Billings,2,503.0,126.06516290726817,40.0,20.0,0.0,0.0,0.0,1500.0,350.0,1500.0,350.0,0.2146014755826412,0.0
SW Tait,0,23.0,88.46153846153845,1.0,1.0,26.0,7.50561797752809,668.0,1500.0,350.0,1765.1538730021218,89.04931485548714,0.0546555340401152,0.178548822383853
SZ Mulani,0,1.0,100.0,0.0,0.0,0.0,10.363636363636363,57.0,1500.0,350.0,1693.6477159586848,286.1378962904051,-0.0013079840401641,0.2169564627174255
Sachin Baby,1,144.0,117.07317073170731,11.0,5.0,3.0,4.800000000000001,8.0,1500.0,350.0,1759.3094799570183,259.35318339353034,0.2861936270818804,0.312135669856362
Salman Butt,2,193.0,112.20930232558139,30.0,2.0,0.0,0.0,0.0,1500.0,350.0,1500.0,350.0,0.3548254608708247,0.0
Sameer Rizvi,2,51.0,118.6046511627907,4.0,2.0,0.0,0.0,0.0,1500.0,350.0,1500.0,350.0,-0.0384197024006483,0.0
Sandeep Sharma,3,54.0,73.97260273972603,4.0,0.0,153.0,7.708717948717949,3758.0,1500.0,350.0,2064.1699164542724,84.47492579174742,0.1315880034054381,0.3170218258932965
Shahbaz Ahmed,1,536.0,114.77516059957173,28.0,25.0,21.0,9.289617486338798,850.0,1500.0,350.0,2394.3454642029574,97.42393558847408,0.1704783271999189,0.2356273096211673
Shahid Afridi,1,81.0,176.08695652173913,7.0,6.0,9.0,7.686486486486487,237.0,1500.0,350.0,1620.8405373803942,121.07476389599314,0.3079672601451221,0.1863989920379987
Shakib Al Hasan,3,795.0,119.54887218045114,73.0,21.0,71.0,7.3821782178217825,1864.0,1500.0,350.0,2142.6141341235,88.88974645765545,0.2386634112673419,0.2365910320035041
Shashank Singh,1,423.0,155.51470588235296,33.0,25.0,1.0,7.894736842105264,25.0,1500.0,350.0,2091.9828470291245,256.0923970162039,0.2188960895749101,0.317148075591373
Shivam Mavi,0,51.0,87.93103448275862,4.0,2.0,33.0,8.366812227074236,958.0,1500.0,350.0,1954.0310055181449,86.41250197174764,-0.1094653303718587,0.2976945164294219
Shivam Sharma,0,5.0,166.66666666666669,1.0,0.0,4.0,8.68421052631579,165.0,1500.0,350.0,1766.5719113021692,159.29294441714916,-0.5862370229150736,0.4274651545819983
Shoaib Ahmed,0,1.0,16.666666666666664,0.0,0.0,5.0,8.970873786407767,154.0,1500.0,350.0,1810.638145905761,146.94377660242972,-0.0045259916157854,0.3310464874194754
Shoaib Akhtar,0,2.0,25.0,0.0,0.0,5.0,7.043478260869566,54.0,1500.0,350.0,1675.2143513548413,219.63636564605105,0.2439085357483786,0.1408353552482011
Shoaib Malik,0,52.0,106.12244897959184,5.0,0.0,2.0,9.0,87.0,1500.0,350.0,1167.9988637752103,178.22178758539263,-0.0367049010008985,0.1981034420511209
Shubman Gill,4,3216.0,132.23684210526315,310.0,95.0,0.0,0.0,0.0,1500.0,350.0,1500.0,350.0,0.2813133122560693,0.0
Sikandar Raza,1,182.0,127.27272727272727,12.0,8.0,3.0,9.954545454545455,146.0,1500.0,350.0,1523.7460289227345,198.9258811975512,0.3157705296266757,0.3971870659144476
Simarjeet Singh,1,7.0,87.5,0.0,0.0,10.0,8.238341968911918,265.0,1500.0,350.0,2640.372170120897,124.68613735186184,0.1393073523691052,0.2224450468462229
Sohail Tanvir,1,36.0,116.12903225806453,3.0,1.0,24.0,6.226415094339623,275.0,1500.0,350.0,1931.222447360724,104.35803040212863,0.3059230142869151,0.2234948911511813
Sunny Singh,2,43.0,138.70967741935485,6.0,1.0,0.0,0.0,0.0,1500.0,350.0,1500.0,350.0,-0.0020821181793523,0.0
Suyash Sharma,0,0.0,0.0,0.0,0.0,11.0,8.659090909090908,381.0,1500.0,350.0,2125.879303946742,117.85845218964477,0.0,0.2552089575886843
Swapnil Singh,1,51.0,110.86956521739131,3.0,3.0,7.0,8.763636363636364,241.0,1500.0,350.0,2198.658324191435,124.09364010598564,0.0254473354431795,0.2131748147859641
T Henderson,1,11.0,68.75,0.0,1.0,1.0,6.833333333333333,41.0,1500.0,350.0,1615.360898055056,229.76439235122984,0.3532908430376486,0.0890419857389608
T Kohler-Cadmore,2,48.0,88.88888888888889,7.0,1.0,0.0,0.0,0.0,1500.0,350.0,1500.0,350.0,0.0279878894775328,0.0
T Natarajan,3,3.0,60.0,0.0,0.0,76.0,8.569593147751606,2001.0,1500.0,350.0,2188.512651995736,85.74597759740628,0.0152437176445313,0.2690480613732257
T Shamsi,0,2.0,50.0,0.0,0.0,3.0,9.25,185.0,1500.0,350.0,1787.4418702167252,168.9729971431642,0.1697922001468735,0.4611553587450366
T Stubbs,1,405.0,169.4560669456067,26.0,26.0,4.0,6.959999999999999,29.0,1500.0,350.0,2216.1854712830764,230.04044471920892,0.3633763447762803,0.0764977844705079
T Thushara,0,12.0,63.1578947368421,0.0,0.0,10.0,6.833333333333333,164.0,1500.0,350.0,1948.8999672068237,130.37813799507913,0.2029850557982047,0.3012798789016283
TA Boult,3,83.0,101.21951219512195,5.0,3.0,128.0,8.120263591433279,3286.0,1500.0,350.0,2062.3620738839463,84.30742737800713,0.0469693618093366,0.3285364666299829
TG Southee,1,120.0,111.11111111111111,8.0,4.0,57.0,8.434231378763867,1774.0,1500.0,350.0,1892.3636889884967,83.61542599776558,0.263601222680518,0.3070445858227058
TH David,2,659.0,158.0335731414868,38.0,46.0,0.0,0.0,0.0,1500.0,350.0,1500.0,350.0,0.3424924158091156,0.0
TK Curran,1,127.0,117.59259259259258,10.0,3.0,13.0,10.285714285714285,432.0,1500.0,350.0,1975.0264658381427,123.35350072971676,0.2795352686006332,0.4125045077817241
TL Suman,1,676.0,115.1618398637138,55.0,26.0,7.0,7.815789473684211,198.0,1500.0,350.0,1956.2013384549232,131.16734461466487,0.2201135585429684,0.218702436114999
TM Dilshan,1,1153.0,110.12416427889207,140.0,24.0,5.0,8.02909090909091,368.0,1500.0,350.0,1668.093189264274,110.36311987653065,0.1741673496461584,0.2205807096728714
TM Head,1,772.0,168.5589519650655,76.0,40.0,3.0,11.689655172413794,113.0,1500.0,350.0,2173.8582551461645,184.22777789483152,0.1205898030521477,0.6369141515497494
TP Sudhindra,0,0.0,0.0,0.0,0.0,1.0,11.108108108108109,137.0,1500.0,350.0,924.2633806642082,214.92444632947607,0.0,0.8117563485343016
TR Birt,2,75.0,127.11864406779661,9.0,2.0,0.0,0.0,0.0,1500.0,350.0,1500.0,350.0,0.5257591018132449,0.0
TS Mills,0,8.0,57.14285714285714,0.0,1.0,11.0,9.605504587155963,349.0,1500.0,350.0,1810.5083475217143,110.21234154750564,0.2134687399121961,0.3037978677342539
TU Deshpande,1,21.0,140.0,2.0,1.0,46.0,9.205776173285198,1275.0,1500.0,350.0,2129.013468158647,83.27868966434022,0.0544724260011408,0.3363457857769789
Tanush Kotian,2,24.0,75.0,3.0,0.0,0.0,0.0,0.0,1500.0,350.0,1500.0,350.0,0.2629637170335678,0.0
Tilak Varma,1,1156.0,139.27710843373492,90.0,58.0,0.0,7.304347826086957,28.0,1500.0,350.0,2115.8411571756214,232.76238187473555,0.2541350347882021,0.3633100684266763
UBT Chand,2,300.0,95.54140127388536,32.0,9.0,0.0,0.0,0.0,1500.0,350.0,1500.0,350.0,0.2209872203840837,0.0
UT Khawaja,2,127.0,120.95238095238095,14.0,3.0,0.0,0.0,0.0,1500.0,350.0,1500.0,350.0,0.2549097038177976,0.0
UT Yadav,3,208.0,98.5781990521327,16.0,9.0,163.0,8.354858934169279,4442.0,1500.0,350.0,1923.5732714388516,92.21258593943418,0.1317912132325589,0.3083927857838673
Umar Gul,1,39.0,205.26315789473685,1.0,5.0,14.0,7.764705882352942,198.0,1500.0,350.0,2171.6157778490133,125.70537078054828,-0.1942262092840581,0.2731249090387067
Umran Malik,1,23.0,143.75,1.0,2.0,31.0,9.07514450867052,785.0,1500.0,350.0,1895.433912861357,102.34613796210532,0.5070709000131691,0.2617898986485861
V Kohli,4,8014.0,128.51186658114176,708.0,273.0,5.0,8.431818181818182,371.0,1500.0,350.0,1839.7227389874913,112.8153934729794,0.277430879546009,0.2490183701256283
V Pratap Singh,0,0.0,0.0,0.0,0.0,12.0,8.530805687203792,300.0,1500.0,350.0,1711.4738946992643,122.08001610679496,-0.0101234688295538,0.3135298792638315
V Sehwag,4,2728.0,148.82705946535734,334.0,106.0,6.0,10.26086956521739,236.0,1500.0,350.0,1880.2626229313528,140.24424420099115,0.2663616810390559,0.2793664747430504
V Shankar,1,1115.0,125.2808988764045,80.0,45.0,12.0,8.0,344.0,1500.0,350.0,2002.7937389000103,106.44098036415208,0.2462326375014416,0.2141692389126939
V Viyaskanth,1,7.0,140.0,0.0,0.0,1.0,9.0,90.0,1500.0,350.0,1648.030903895066,231.24529620669864,0.3862154878382298,0.3141147198079504
VG Arora,0,9.0,52.94117647058824,0.0,0.0,20.0,8.583732057416269,598.0,1500.0,350.0,2116.765024931093,96.66056639114944,0.0956341248198951,0.3145842351460421
VR Aaron,1,50.0,68.4931506849315,2.0,2.0,46.0,8.60281690140845,1527.0,1500.0,350.0,1998.10948494673,90.36480557649232,0.1650759582847136,0.2733040573086173
VR Iyer,1,1326.0,132.6,121.0,61.0,3.0,10.357142857142858,145.0,1500.0,350.0,2055.3125228093804,163.99421496201256,0.2745756795997196,0.331273587086681
VRV Singh,0,4.0,133.33333333333331,1.0,0.0,16.0,8.878706199460916,549.0,1500.0,350.0,1252.2791302446983,106.80126490802964,-0.530036912623251,0.2549027258470152
VS Malik,1,7.0,100.0,1.0,0.0,6.0,7.584905660377358,268.0,1500.0,350.0,2028.7551200323248,125.55889520021628,0.2973098325055747,0.3026332170139931
VS Yeligati,0,2.0,100.0,0.0,0.0,0.0,11.4375,61.0,1500.0,350.0,1379.1214438329955,253.4938060050044,-0.5130686337237496,0.5847201258615402
VVS Laxman,2,282.0,104.0590405904059,33.0,5.0,0.0,0.0,0.0,1500.0,350.0,1500.0,350.0,0.1988189939836385,0.0
VY Mahesh,0,15.0,53.57142857142857,0.0,0.0,22.0,8.540389972144848,511.0,1500.0,350.0,1541.7503220352562,107.09182090864296,-0.0059260757489294,0.2628264721377444
Vijaykumar Vyshak,1,14.0,107.6923076923077,0.0,1.0,17.0,9.777777777777777,396.0,1500.0,350.0,1995.8608865536355,120.2856289283108,0.3028941074567237,0.2998534341058981
Vishnu Vinod,2,56.0,96.55172413793103,3.0,3.0,0.0,0.0,0.0,1500.0,350.0,1500.0,350.0,0.1884910597252831,0.0
Vivrant Sharma,1,69.0,140.81632653061226,9.0,2.0,0.0,10.571428571428571,37.0,1500.0,350.0,1927.8309183022495,289.0692332776474,0.3692195252148528,0.4319754950721343
W Jaffer,2,130.0,100.7751937984496,14.0,3.0,0.0,0.0,0.0,1500.0,350.0,1500.0,350.0,0.270814656423164,0.0
WA Mota,0,56.0,73.68421052631578,2.0,0.0,4.0,7.84,98.0,1500.0,350.0,1635.9547000954417,168.54458218694202,0.0422678224182511,0.516244725599099
WD Parnell,1,65.0,75.5813953488372,4.0,1.0,40.0,7.6622691292875995,968.0,1500.0,350.0,2096.2332007016134,86.05208796077271,0.133426994947202,0.2951365908692032
WG Jacks,1,230.0,172.93233082706766,16.0,18.0,2.0,10.909090909090908,100.0,1500.0,350.0,1766.5241621049777,261.9322125605341,0.1942028432621206,0.2597568493823833
WP Saha,4,2934.0,123.90202702702702,296.0,87.0,0.0,0.0,0.0,1500.0,350.0,1500.0,350.0,0.2372674529584105,0.0
WPUJC Vaas,1,81.0,110.95890410958904,2.0,3.0,22.0,7.583333333333333,364.0,1500.0,350.0,1936.3443682618995,103.78689783774176,0.2007992646210245,0.4242331382794855
Washington Sundar,1,378.0,110.85043988269794,32.0,9.0,39.0,7.5281954887218046,1335.0,1500.0,350.0,2144.7518986543328,89.40303180153913,0.1399159860323443,0.2515863656543624
Y Nagar,1,285.0,105.1660516605166,20.0,9.0,4.0,10.416666666666668,125.0,1500.0,350.0,1811.8900160887788,154.32406709661467,0.2572190229561576,0.4146565615591809
Y Prithvi Raj,0,0.0,0.0,0.0,0.0,1.0,10.363636363636363,57.0,1500.0,350.0,1668.7320911902846,262.6929502409237,0.0002637845308693,0.221233881570622
Y Venugopal Rao,1,985.0,113.87283236994219,77.0,37.0,7.0,9.135135135135135,338.0,1500.0,350.0,1771.495195144927,117.4705291288083,0.3047899627937057,0.259640151068443
YA Abdulla,0,0.0,0.0,0.0,0.0,15.0,8.405405405405405,311.0,1500.0,350.0,1481.3628728986764,118.40536883863795,-0.0339899608034188,0.3418933403885432
YBK Jaiswal,1,1607.0,146.7579908675799,199.0,64.0,0.0,36.0,6.0,1500.0,350.0,1629.555434905472,335.4923527018847,0.2726239891627497,-0.1525563650571957
YK Pathan,4,3222.0,138.04627249357327,263.0,161.0,46.0,7.3125,1443.0,1500.0,350.0,2102.5508884440715,99.15843359692091,0.2749415195215064,0.2261291850138596
YS Chahal,3,37.0,41.57303370786517,0.0,0.0,213.0,7.741455347298787,4681.0,1500.0,350.0,2048.0842462366104,88.80220631533723,0.1639386497515019,0.232938270758297
YV Takawale,2,192.0,104.91803278688525,26.0,3.0,0.0,0.0,0.0,1500.0,350.0,1500.0,350.0,0.4151848108033064,0.0
Yash Dayal,0,0.0,0.0,0.0,0.0,31.0,9.102439024390243,933.0,1500.0,350.0,1903.6555328287743,90.22904771805152,0.0097629609837285,0.3055272404920301
Yash Thakur,0,0.0,0.0,0.0,0.0,27.0,9.75,702.0,1500.0,350.0,1613.5972347450152,97.2526908521984,0.0,0.3922289431974105
Yashpal Singh,2,47.0,70.1492537313433,5.0,0.0,0.0,0.0,0.0,1500.0,350.0,1500.0,350.0,0.2386581078154563,0.0
Yudhvir Singh,0,22.0,137.5,1.0,2.0,4.0,10.135135135135135,125.0,1500.0,350.0,1641.3551513526982,189.95522965176303,-0.2462602351347409,0.5919266790429004
Yuvraj Singh,4,2754.0,124.78477571363842,218.0,149.0,39.0,7.421768707482993,1091.0,1500.0,350.0,2107.606696676108,98.66118350992126,0.3328696639895516,0.1625721394919806
Z Khan,3,117.0,82.97872340425532,11.0,2.0,119.0,7.539543057996484,2860.0,1500.0,350.0,2153.366288369162,84.57953526167299,0.0915301802373286,0.277995100295094
